unique_merge_id,messy_id,messy_name,district_code,district
nhdist1,411,Academy for Science and Design Charter School,725,Academy for Science and Design Charter School
nhdist2,53,Pembroke,9,Allenstown
nhdist3,72,Alton,15,Alton
nhdist4,39,Amherst,17,Amherst
nhdist5,46,SAU #46 Office,19,Andover
nhdist6,426,Arts Academy of New Hampshire Chartered Public High School,702,Arts Academy of New Hampshire Chartered Public High School
nhdist7,48,Plymouth,23,Ashland
nhdist8,15,Hooksett,29,Auburn
nhdist9,86,Barnstead,31,Barnstead
nhdist10,74,Barrington,33,Barrington
nhdist11,9,Conway,35,Bartlett
nhdist12,23,Haverhill Cooperative,39,Bath
nhdist13,25,Bedford,41,Bedford
nhdist14,455,Benjamin Franklin Academy Chartered Public School,726,Benjamin Franklin Academy Chartered Public School
nhdist15,3,Berlin,51,Berlin
nhdist16,35,SAU #35 Office,53,Bethlehem
nhdist17,67,Bow,57,Bow
nhdist18,16,Exeter,63,Brentwood
nhdist19,41,Hollis-Brookline,71,Brookline
nhdist20,48,Plymouth,75,Campton
nhdist21,15,Hooksett,79,Candia
nhdist22,82,Chester,93,Chester
nhdist23,29,Keene,95,Chesterfield
nhdist24,53,Pembroke,99,Chichester
nhdist25,6,Claremont,101,Claremont
nhdist26,,,720,Coastal Waters Chartered Public School
nhdist27,201,Coe-Brown Northwood Academy,998,Coe-Brown Northwood Academy
nhdist28,7,Colebrook,105,Colebrook
nhdist29,429,Compass Classical Academy Charter School,743,Compass Classical Academy Charter School
nhdist30,8,Concord,111,Concord
nhdist31,1,Contoocook Valley,112,Contoocook Valley
nhdist32,9,Conway,113,Conway
nhdist33,100,Cornish,115,Cornish
nhdist34,99,Croydon,117,Croydon
nhdist35,410,CSI Charter School,723,CSI Charter School
nhdist36,53,Pembroke,127,Deerfield
nhdist37,10,Derry Cooperative,131,Derry Cooperative
nhdist38,11,Dover,141,Dover
nhdist39,70,Hanover,142,Dresden
nhdist40,67,Bow,149,Dunbarton
nhdist41,16,Exeter,153,East Kingston
nhdist42,14,Epping,165,Epping
nhdist43,53,Pembroke,167,Epsom
nhdist44,20,Gorham,171,Errol
nhdist45,16,Exeter,173,Exeter
nhdist46,16,Exeter,172,Exeter Region Cooperative
nhdist47,60,Fall Mountain Regional,174,Fall Mountain Regional
nhdist48,61,Farmington,175,Farmington
nhdist49,18,Franklin,185,Franklin
nhdist50,83,Fremont,187,Freedom
nhdist51,13,Tamworth,189,Fremont
nhdist52,425,Gate City Charter School For the Arts,742,Gate City Charter School For the Arts
nhdist53,450,Gathering Waters Charter School,750,Gathering Waters Charter School
nhdist54,73,Gilford,191,Gilford
nhdist55,79,Gilmanton,195,Gilmanton
nhdist56,19,Goffstown,199,Goffstown
nhdist57,20,Gorham,203,Gorham Randolph Shelburne Cooperative
nhdist58,49,Governor Wentworth Regional,208,Governor Wentworth Regional
nhdist59,75,Grantham,211,Grantham
nhdist60,404,Great Bay Charter School,709,Great Bay Charter School
nhdist61,50,Greenland,215,Greenland
nhdist62,55,Hampstead,223,Hampstead
nhdist63,90,Hampton,225,Hampton
nhdist64,21,Winnacunnet,227,Hampton Falls
nhdist65,70,Hanover,233,Hanover
nhdist66,29,Keene,235,Harrisville
nhdist67,23,Haverhill Cooperative,238,Haverhill Cooperative
nhdist68,451,Heartwood Public Charter School,718,Heartwood Public Charter School
nhdist69,24,Henniker,245,Henniker
nhdist70,103,Hill,247,Hill
nhdist71,34,Hillsboro-Deering,251,Hillsboro-Deering Cooperative
nhdist72,92,Hinsdale,255,Hinsdale
nhdist73,48,Plymouth,257,Holderness
nhdist74,41,Hollis-Brookline,259,Hollis
nhdist75,41,Hollis-Brookline,260,Hollis-Brookline Cooperative
nhdist76,15,Hooksett,261,Hooksett
nhdist77,66,Hopkinton,263,Hopkinton
nhdist78,81,Hudson,267,Hudson
nhdist79,2,Inter-Lakes Cooperative,269,Inter-Lakes Cooperative
nhdist80,9,Conway,271,Jackson
nhdist81,47,Jaffrey-Rindge,274,Jaffrey-Rindge Cooperative
nhdist82,24,Henniker,275,John Stark Regional
nhdist83,65,Kearsarge Regional,276,Kearsarge Regional
nhdist84,29,Keene,279,Keene
nhdist85,16,Exeter,281,Kensington
nhdist86,432,Kreiva Academy Public Charter School,708,Kreiva Academy Public Charter School
nhdist87,30,Laconia,285,Laconia
nhdist88,35,SAU #35 Office,288,Lafayette Regional
nhdist89,35,SAU #35 Office,291,Landaff
nhdist90,,,706,LEAF Charter School
nhdist91,88,Lebanon,295,Lebanon
nhdist92,408,Ledyard Charter School,719,Ledyard Charter School
nhdist93,71,Lempster,299,Lempster
nhdist94,68,Lincoln-Woodstock,305,Lincoln-Woodstock Cooperative
nhdist95,453,Lionheart Classical Academy Chartered Public School,722,Lionheart Classical Academy Chartered Public School
nhdist96,35,SAU #35 Office,306,Lisbon Regional
nhdist97,27,Litchfield,315,Litchfield
nhdist98,84,Littleton,317,Littleton
nhdist99,12,Londonderry,319,Londonderry
nhdist100,76,Lyme,327,Lyme
nhdist101,13,Tamworth,333,Madison
nhdist102,418,Making Community Connections Charter School,733,Making Community Connections Charter School
nhdist103,37,Manchester,335,Manchester
nhdist104,29,Keene,339,Marlborough
nhdist105,29,Keene,341,Marlow
nhdist106,87,Mascenic Regional,342,Mascenic Regional
nhdist107,62,Mascoma Valley,343,Mascoma Valley Regional
nhdist108,89,Mason,345,Mason
nhdist109,26,Merrimack,351,Merrimack
nhdist110,46,SAU #46 Office,352,Merrimack Valley
nhdist111,430,MicroSociety Academy Charter School Foundation,744,MicroSociety Academy Charter School Foundation
nhdist112,69,Middleton SAU,353,Middleton
nhdist113,20,Gorham,355,Milan
nhdist114,40,Milford,357,Milford
nhdist115,416,Mill Falls Charter School,729,Mill Falls Charter School
nhdist116,64,Milton,359,Milton
nhdist117,93,Monadnock Regional,363,Monadnock Regional
nhdist118,77,Monroe,365,Monroe
nhdist119,39,Amherst,367,Mont Vernon
nhdist120,45,Moultonborough,369,Moultonborough
nhdist121,427,Mountain Village Charter School,704,Mountain Village Charter School
nhdist122,42,Nashua,371,Nashua
nhdist123,29,Keene,375,Nelson
nhdist124,19,Goffstown,377,New Boston
nhdist125,50,Greenland,381,New Castle
nhdist126,16,Exeter,387,Newfields
nhdist127,4,Newfound Area,388,Newfound Area
nhdist128,50,Greenland,391,Newington
nhdist129,31,Newmarket,399,Newmarket
nhdist130,43,Newport,401,Newport
nhdist131,422,Next Charter School,740,Next Charter School
nhdist132,402,North Country Charter Academy,703,North Country Charter Academy
nhdist133,21,Winnacunnet,405,North Hampton
nhdist134,441,Northeast Woodland Chartered Public School,716,Northeast Woodland Chartered Public School
nhdist135,58,Northumberland,407,Northumberland
nhdist136,44,Northwood,411,Northwood
nhdist137,107,Nottingham,413,Nottingham
nhdist138,5,Oyster River,423,Oyster River Coop
nhdist139,108,Pasquaney,388,Pasquaney
nhdist140,28,Pelham,425,Pelham
nhdist141,53,Pembroke,427,Pembroke
nhdist142,48,Plymouth,428,Pemi-Baker Regional
nhdist143,23,Haverhill Cooperative,435,Piermont
nhdist144,202,Pinkerton Academy,999,Pinkerton Academy
nhdist145,7,Colebrook,437,Pittsburg
nhdist146,51,Pittsfield,439,Pittsfield
nhdist147,32,Plainfield,441,Plainfield
nhdist148,48,Plymouth,447,Plymouth
nhdist149,419,Polaris Charter School,735,Polaris Charter School
nhdist150,52,Portsmouth,449,Portsmouth
nhdist151,35,SAU #35 Office,450,Profile
nhdist152,301,Prospect Mountain JMA,970,Prospect Mountain JMA
nhdist153,33,Raymond,453,Raymond
nhdist154,78,Rivendell Interstate,457,Rivendell
nhdist155,454,River View Chartered Public School,724,River View Chartered Public School
nhdist156,420,Robert Frost Charter School,737,Robert Frost Charter School
nhdist157,54,Rochester,461,Rochester
nhdist158,104,Rollinsford,463,Rollinsford
nhdist159,48,Plymouth,467,Rumney
nhdist160,50,Greenland,471,Rye
nhdist161,57,Salem,473,Salem
nhdist162,17,Sanborn Regional,476,Sanborn Regional
nhdist163,21,Winnacunnet,485,Seabrook
nhdist164,403,Seacoast Charter School,705,Seacoast Charter School
nhdist165,80,Shaker Regional,486,Shaker Regional
nhdist166,56,Somersworth,491,Somersworth
nhdist167,39,Amherst,493,Souhegan Cooperative
nhdist168,21,Winnacunnet,495,South Hampton
nhdist169,437,Spark Academy of Advanced Technologies,714,Spark Academy of Advanced Technologies
nhdist170,58,Northumberland,499,Stark
nhdist171,7,Colebrook,501,Stewartstown
nhdist172,24,Henniker,503,Stoddard
nhdist173,105,Strafford,507,Strafford
nhdist174,58,Northumberland,509,Stratford
nhdist175,16,Exeter,511,Stratham
nhdist176,409,Strong Foundations Charter School,721,Strong Foundations Charter School
nhdist177,85,Sunapee,515,Sunapee
nhdist178,407,Surry Village Charter School,717,Surry Village Charter School
nhdist179,13,Tamworth,525,Tamworth
nhdist180,417,The Birches Academy of Academics & Art A Public Charter Sch,731,The Birches Academy of Academics & Art A Public Charter Sch
nhdist181,423,The Founders Academy Charter School,741,The Founders Academy Charter School
nhdist182,48,Plymouth,531,Thornton
nhdist183,106,Timberlane Regional,534,Timberlane Regional
nhdist184,6,Claremont,539,Unity
nhdist185,412,Virtual Learning Academy Charter School,727,Virtual Learning Academy Charter School
nhdist186,101,Wakefield,543,Wakefield
nhdist187,23,Haverhill Cooperative,549,Warren
nhdist188,34,Hillsboro-Deering,551,Washington
nhdist189,48,Plymouth,553,Waterville Valley
nhdist190,24,Henniker,555,Weare
nhdist191,48,Plymouth,559,Wentworth
nhdist192,29,Keene,563,Westmoreland
nhdist193,36,White Mountains Regional,568,White Mountains Regional
nhdist194,63,Wilton,572,Wilton-Lyndeborough Cooperative
nhdist195,94,Winchester,573,Winchester
nhdist196,95,Windham,575,Windham
nhdist197,434,Windham Academy Public Charter School,712,Windham Academy Public Charter School
nhdist198,21,Winnacunnet,581,Winnacunnet Cooperative
nhdist199,59,Winnisquam Regional,582,Winnisquam Regional
nhdist200,96,Sullivan,,
nhdist201,91,Surry,,
nhdist202,435,Synergy Academy Chartered Public School,,
nhdist203,433,Seacoast Classical Academy Chartered Public School,,
nhdist204,98,Coos County,,
nhdist205,102,Goshen,,
nhdist206,97,Hale's Location c/o Carroll Cty,,
nhdist207,23,Haverhill Cooperative,,