LEAID,NAME,OPSTFIPS,STREET,CITY,STATE,ZIP,STFIP,CNTY,NMCNTY,LAT,LON,CBSA,NMCBSA,CBSATYPE,CSA,NMCSA,CD,SLDL,SLDU,SCHOOLYEAR,LOCALE,PCT_CITY11,PCT_CITY12,PCT_CITY13,PCT_SUB21,PCT_SUB22,PCT_SUB23,PCT_TOWN31,PCT_TOWN32,PCT_TOWN33,PCT_RURAL41,PCT_RURAL42,PCT_RURAL43
3200001,State Sponsored Charter Schools,32,1749 N Stewart St # 40,CARSON CITY,NV,89706,32,32510,Carson City,39.175404,-119.762228,16180,"Carson City, NV",1,456,"Reno-Carson City-Gardnerville Ranchos, NV-CA",3202,32040,32016,2023-2024,11,69.44,6.17,0,17.24,0,0,0,0,1.74,5.41,0,0
3200021,Davidson Academy,32,Jot Travis Building #048 1164 N. Virginia St,Reno,NV,89503,32,32031,Washoe County,39.538754,-119.816216,39900,"Reno, NV",1,456,"Reno-Carson City-Gardnerville Ranchos, NV-CA",3202,32024,32013,2023-2024,11,100,0,0,0,0,0,0,0,0,0,0,0
3200023,Correctional School District,32,100 Youth Center Rd,Elko,NV,89801,32,32007,Elko County,40.88057,-115.726859,21220,"Elko, NV",2,N,N,3202,32033,32019,2023-2024,41,0,0,0,0,0,0,0,0,0,100,0,0
3200030,Churchill,32,690 South Maine Street,Fallon,NV,89406,32,32001,Churchill County,39.468399,-118.777963,21980,"Fallon, NV",2,456,"Reno-Carson City-Gardnerville Ranchos, NV-CA",3202,32038,32017,2023-2024,33,0,0,0,0,0,0,0,0,100,0,0,0
3200060,Clark County,32,2832 E. Flamingo Road,Las Vegas,NV,89121,32,32003,Clark County,36.114419,-115.112546,29820,"Las Vegas-Henderson-North Las Vegas, NV",1,332,"Las Vegas-Henderson, NV",3201,32020,32007,2023-2024,11,57.22,8.88,0,28.07,0,0,0.72,0.46,0,3.8,0.13,0.72
3200090,Douglas,32,1638 Mono Avenue,Minden,NV,89423,32,32005,Douglas County,38.95374,-119.767841,23820,"Gardnerville Ranchos, NV-CA",2,456,"Reno-Carson City-Gardnerville Ranchos, NV-CA",3202,32039,32017,2023-2024,32,0,0,0,0,0,0,5.01,80.43,0,14.13,0.44,0
3200120,Elko,32,850 Elm Street,Elko,NV,89801,32,32007,Elko County,40.84013,-115.766751,21220,"Elko, NV",2,N,N,3202,32033,32019,2023-2024,33,0,0,0,0,0,0,0,0,50.05,6.89,31.31,11.75
3200150,Esmeralda,32,MM11 Hwy 264,Dyer,NV,89010,32,32009,Esmeralda County,37.667474,-118.066692,N,N,0,N,N,3204,32038,32017,2023-2024,43,0,0,0,0,0,0,0,0,0,0,0,100
3200180,Eureka,32,660 Mathew Street,Eureka,NV,89316,32,32011,Eureka County,39.514073,-115.965912,21220,"Elko, NV",2,N,N,3202,32033,32019,2023-2024,43,0,0,0,0,0,0,0,0,0,0,0,100
3200210,Humboldt,32,310 East 4th Street,Winnemucca,NV,89445,32,32013,Humboldt County,40.975071,-117.73043,49080,"Winnemucca, NV",2,N,N,3202,32032,32014,2023-2024,33,0,0,0,0,0,0,0,0,50.67,43.6,0,5.73
3200240,Lander,32,450 E. 6th Street,Battle Mountain,NV,89820,32,32015,Lander County,40.634736,-116.93686,N,N,0,N,N,3202,32032,32014,2023-2024,43,0,0,0,0,0,0,0,0,0,0,0,100
3200270,Lincoln,32,1191 Edwards Street  -  118,Panaca,NV,89042,32,32017,Lincoln County,37.792213,-114.385449,N,N,0,N,N,3204,32033,32019,2023-2024,43,0,0,0,0,0,0,0,0,0,0,0,100
3200300,Lyon,32,25 E. Goldfield Ave.,Yerington,NV,89447,32,32019,Lyon County,38.993581,-119.161694,39900,"Reno, NV",1,456,"Reno-Carson City-Gardnerville Ranchos, NV-CA",3202,32038,32017,2023-2024,32,0,0,0,0,0,0,21.99,40.07,0,10.35,11.44,16.15
3200330,Mineral,32,751 A Street,Hawthorne,NV,89415,32,32021,Mineral County,38.528467,-118.629119,N,N,0,N,N,3204,32038,32017,2023-2024,43,0,0,0,0,0,0,0,0,0,0,0,100
3200360,Nye,32,484 S. West Street,Pahrump,NV,89048,32,32023,Nye County,36.212542,-115.996631,37220,"Pahrump, NV",2,332,"Las Vegas-Henderson, NV",3204,32036,32019,2023-2024,41,0,0,0,0,0,0,0,0,39.35,44.56,0,16.09
3200390,Carson City,32,1402 West King,Carson City,NV,89703,32,32510,Carson City,39.16423,-119.779348,16180,"Carson City, NV",1,456,"Reno-Carson City-Gardnerville Ranchos, NV-CA",3202,32040,32016,2023-2024,13,0,0,100,0,0,0,0,0,0,0,0,0
3200420,Pershing,32,1150 Elmhurst Avenue,Lovelock,NV,89419,32,32027,Pershing County,40.182012,-118.477208,N,N,0,N,N,3202,32032,32014,2023-2024,43,0,0,0,0,0,0,0,0,0,0,0,100
3200450,Storey,32,124 South E St,Virginia City,NV,89440,32,32029,Storey County,39.309045,-119.649167,39900,"Reno, NV",1,456,"Reno-Carson City-Gardnerville Ranchos, NV-CA",3202,32040,32016,2023-2024,42,0,0,0,0,0,0,0,0,0,10.75,89.25,0
3200480,Washoe County,32,425 E 9th ST,RENO,NV,89512,32,32031,Washoe County,39.53761,-119.810017,39900,"Reno, NV",1,456,"Reno-Carson City-Gardnerville Ranchos, NV-CA",3202,32024,32013,2023-2024,11,49.53,0,0,43.53,0,0,2.21,1.22,0,3.46,0,0.04
3200510,White Pine County School District,32,1135 Avenue C,Ely,NV,89301,32,32033,White Pine County,39.258353,-114.867772,N,N,0,N,N,3202,32033,32019,2023-2024,33,0,0,0,0,0,0,0,0,79.75,0,10.44,9.81
3300003,John Stark Regional School District,33,258 Western Avenue,Henniker,NH,03242,33,33013,Merrimack County,43.180036,-71.832264,18180,"Concord, NH",2,148,"Boston-Worcester-Providence, MA-RI-NH",3302,33608,33007,2023-2024,42,0,0,0,0,0,0,0,0,0,0,100,0
3300017,Exeter Region Cooperative School District,33,30 Linden St.,Exeter,NH,03833,33,33015,Rockingham County,42.975703,-70.956147,14460,"Boston-Cambridge-Newton, MA-NH",1,148,"Boston-Worcester-Providence, MA-RI-NH",3301,33711,33024,2023-2024,41,0,0,0,0,0,0,40.08,0,0,59.92,0,0
3300030,North Country Charter Academy,33,260 Cottage St. Suite A,Littleton,NH,03561,33,33009,Grafton County,44.299097,-71.769432,30150,"Lebanon-Claremont, NH-VT",2,N,N,3302,33401,33001,2023-2024,43,0,0,0,0,0,0,0,0,0,0,0,100
3300031,Seacoast Charter School,33,171 Watson Road,Dover,NH,03820,33,33017,Strafford County,43.214943,-70.920513,14460,"Boston-Cambridge-Newton, MA-NH",1,148,"Boston-Worcester-Providence, MA-RI-NH",3301,33813,33004,2023-2024,41,0,0,0,0,0,0,0,0,0,100,0,0
3300035,Gorham Randolph Shelburne Cooperative School District,33,123 Main St.,Gorham,NH,03581,33,33007,Coos County,44.388999,-71.178215,N,N,0,N,N,3302,33306,33001,2023-2024,33,0,0,0,0,0,0,0,0,100,0,0,0
3300039,Surry Village Charter School,33,449 Route 12A,Surry,NH,03431,33,33005,Cheshire County,43.014071,-72.322572,28300,"Keene, NH",2,313,"Keene-Brattleboro, NH-VT",3302,33205,33010,2023-2024,41,0,0,0,0,0,0,0,0,0,100,0,0
3300040,Academy for Science and Design Charter School,33,9 Townsend West,Nashua,NH,03063,33,33011,Hillsborough County,42.787926,-71.520966,31700,"Manchester-Nashua, NH",1,148,"Boston-Worcester-Providence, MA-RI-NH",3302,33505,33012,2023-2024,13,0,0,100,0,0,0,0,0,0,0,0,0
3300041,CSI Charter School,33,26 Washington Street,Penacook,NH,03303,33,33013,Merrimack County,43.278588,-71.601745,18180,"Concord, NH",2,148,"Boston-Worcester-Providence, MA-RI-NH",3302,33615,33015,2023-2024,31,0,0,0,0,0,0,100,0,0,0,0,0
3300042,Strong Foundations Charter School,33,715 Riverwood Dr.,Pembroke,NH,03275,33,33013,Merrimack County,43.195479,-71.483889,18180,"Concord, NH",2,148,"Boston-Worcester-Providence, MA-RI-NH",3302,33612,33017,2023-2024,31,0,0,0,0,0,0,100,0,0,0,0,0
3300043,Ledyard Charter School,33,39 Hanover Street,Lebanon,NH,03766,33,33009,Grafton County,43.643362,-72.253505,30150,"Lebanon-Claremont, NH-VT",2,N,N,3302,33415,33005,2023-2024,33,0,0,0,0,0,0,0,0,100,0,0,0
3300048,Great Bay Charter School,33,30 Linden St.,Exeter,NH,03833,33,33015,Rockingham County,42.975703,-70.956147,14460,"Boston-Cambridge-Newton, MA-NH",1,148,"Boston-Worcester-Providence, MA-RI-NH",3301,33711,33024,2023-2024,31,0,0,0,0,0,0,100,0,0,0,0,0
3300049,Prospect Mountain JMA School District,33,242 Suncook Valley Rd.,Alton,NH,03809,33,33001,Belknap County,43.435614,-71.207897,29060,"Laconia, NH",2,148,"Boston-Worcester-Providence, MA-RI-NH",3301,33007,33006,2023-2024,41,0,0,0,0,0,0,0,0,0,100,0,0
3300616,Milton School District,33,20 School Street,Milton,NH,03851,33,33017,Strafford County,43.40908,-70.990246,14460,"Boston-Cambridge-Newton, MA-NH",1,148,"Boston-Worcester-Providence, MA-RI-NH",3301,33802,33003,2023-2024,41,0,0,0,0,0,0,0,0,0,100,0,0
3301350,Albany School District,33,176A Main St.,Conway,NH,03818,33,33003,Carroll County,43.979215,-71.126359,N,N,0,N,N,3301,33101,33003,2023-2024,33,-2,-2,-2,-2,-2,-2,-2,-2,-2,-2,-2,-2
3301380,Allenstown School District,33,Pembroke Academy,Pembroke,NH,03275,33,33013,Merrimack County,43.146534,-71.456602,18180,"Concord, NH",2,148,"Boston-Worcester-Providence, MA-RI-NH",3302,33612,33017,2023-2024,22,0,0,0,0,100,0,0,0,0,0,0,0
3301440,Alton School District,33,252 Suncook Valley Rd.,Alton,NH,03809,33,33001,Belknap County,43.435614,-71.207897,29060,"Laconia, NH",2,148,"Boston-Worcester-Providence, MA-RI-NH",3301,33007,33006,2023-2024,32,0,0,0,0,0,0,0,100,0,0,0,0
3301470,Amherst School District,33,1 School St.,Amherst,NH,03031,33,33011,Hillsborough County,42.864231,-71.626908,31700,"Manchester-Nashua, NH",1,148,"Boston-Worcester-Providence, MA-RI-NH",3302,33534,33011,2023-2024,41,0,0,0,0,0,0,0,0,0,100,0,0
3301500,Andover School District,33,105 Community Dr.,Penacook,NH,03303,33,33013,Merrimack County,43.275458,-71.592557,18180,"Concord, NH",2,148,"Boston-Worcester-Providence, MA-RI-NH",3302,33615,33015,2023-2024,42,0,0,0,0,0,0,0,0,0,0,100,0
3301560,Ashland School District,33,103 Main St.,Meredith,NH,03253,33,33001,Belknap County,43.65479,-71.501007,29060,"Laconia, NH",2,148,"Boston-Worcester-Providence, MA-RI-NH",3301,33002,33002,2023-2024,33,0,0,0,0,0,0,0,0,100,0,0,0
3301590,Auburn School District,33,90 Farmer Rd.,Hooksett,NH,03106,33,33013,Merrimack County,43.049141,-71.413348,18180,"Concord, NH",2,148,"Boston-Worcester-Providence, MA-RI-NH",3301,33610,33016,2023-2024,41,0,0,0,0,0,0,0,0,0,100,0,0
3301620,Barnstead School District,33,1 Suncook Valley Road,Alton,NH,03809,33,33001,Belknap County,43.323142,-71.303775,29060,"Laconia, NH",2,148,"Boston-Worcester-Providence, MA-RI-NH",3301,33007,33017,2023-2024,42,0,0,0,0,0,0,0,0,0,0,100,0
3301650,Barrington School District,33,572 Calef Highway,Barrington,NH,03825,33,33017,Strafford County,43.209453,-71.0007,14460,"Boston-Cambridge-Newton, MA-NH",1,148,"Boston-Worcester-Providence, MA-RI-NH",3301,33804,33004,2023-2024,41,0,0,0,0,0,0,0,0,0,100,0,0
3301680,Bartlett School District,33,176A Main St.,Conway,NH,03818,33,33003,Carroll County,43.979215,-71.126359,N,N,0,N,N,3301,33101,33003,2023-2024,42,0,0,0,0,0,0,0,0,0,0,100,0
3301710,Bath School District,33,2975 Dartmouth College Hwy.,N. Haverhill,NH,03774,33,33009,Grafton County,44.095898,-72.025665,30150,"Lebanon-Claremont, NH-VT",2,N,N,3302,33405,33001,2023-2024,43,0,0,0,0,0,0,0,0,0,0,0,100
3301740,Bedford School District,33,103 County Rd.,Bedford,NH,03110,33,33011,Hillsborough County,42.937948,-71.496745,31700,"Manchester-Nashua, NH",1,148,"Boston-Worcester-Providence, MA-RI-NH",3301,33502,33009,2023-2024,22,0,0,0,0,100,0,0,0,0,0,0,0
3301830,Benton School District,33,2975 Dartmouth College Hwy.,N. Haverhill,NH,03774,33,33009,Grafton County,44.095898,-72.025665,30150,"Lebanon-Claremont, NH-VT",2,N,N,3302,33405,33001,2023-2024,43,-2,-2,-2,-2,-2,-2,-2,-2,-2,-2,-2,-2
3301860,Berlin School District,33,183 Hillside Ave.,Berlin,NH,03570,33,33007,Coos County,44.474982,-71.181834,N,N,0,N,N,3302,33305,33001,2023-2024,41,0,0,0,0,0,0,0,0,41.48,58.52,0,0
3301890,Bethlehem School District,33,262 Cottage Street,Littleton,NH,03561,33,33009,Grafton County,44.298341,-71.769333,30150,"Lebanon-Claremont, NH-VT",2,N,N,3302,33401,33001,2023-2024,43,0,0,0,0,0,0,0,0,0,0,0,100
3301950,Bow School District,33,55 Falcon Way,Bow,NH,03304,33,33013,Merrimack County,43.154411,-71.547641,18180,"Concord, NH",2,148,"Boston-Worcester-Providence, MA-RI-NH",3302,33609,33015,2023-2024,31,0,0,0,0,0,0,63.35,0,0,36.65,0,0
3302010,Brentwood School District,33,30 Linden St.,Exeter,NH,03833,33,33015,Rockingham County,42.975703,-70.956147,14460,"Boston-Cambridge-Newton, MA-NH",1,148,"Boston-Worcester-Providence, MA-RI-NH",3301,33711,33024,2023-2024,41,0,0,0,0,0,0,0,0,0,100,0,0
3302070,Brookline School District,33,4 Lund Ln.,Hollis,NH,03049,33,33011,Hillsborough County,42.749076,-71.59471,31700,"Manchester-Nashua, NH",1,148,"Boston-Worcester-Providence, MA-RI-NH",3302,33535,33012,2023-2024,41,0,0,0,0,0,0,0,0,0,100,0,0
3302100,Campton School District,33,47 Old Ward Bridge Rd.,Plymouth,NH,03264,33,33009,Grafton County,43.764272,-71.703019,30150,"Lebanon-Claremont, NH-VT",2,N,N,3302,33408,33005,2023-2024,42,0,0,0,0,0,0,0,0,0,0,100,0
3302130,Candia School District,33,90 Farmer Rd.,Hooksett,NH,03106,33,33013,Merrimack County,43.049141,-71.413348,18180,"Concord, NH",2,148,"Boston-Worcester-Providence, MA-RI-NH",3301,33610,33016,2023-2024,41,0,0,0,0,0,0,0,0,0,100,0,0
3302200,Chatham School District,33,176A Main St.,Conway,NH,03818,33,33003,Carroll County,43.979215,-71.126359,N,N,0,N,N,3301,33101,33003,2023-2024,33,-2,-2,-2,-2,-2,-2,-2,-2,-2,-2,-2,-2
3302250,Chester School District,33,Chester Academy,Chester,NH,03036,33,33015,Rockingham County,42.959335,-71.25201,14460,"Boston-Cambridge-Newton, MA-NH",1,148,"Boston-Worcester-Providence, MA-RI-NH",3301,33703,33023,2023-2024,41,0,0,0,0,0,0,0,0,0,100,0,0
3302280,Chesterfield School District,33,193 Maple Avenue,Keene,NH,03431,33,33005,Cheshire County,42.956246,-72.312598,28300,"Keene, NH",2,313,"Keene-Brattleboro, NH-VT",3302,33202,33010,2023-2024,42,0,0,0,0,0,0,0,0,0,0,100,0
3302310,Chichester School District,33,Pembroke Academy,Pembroke,NH,03275,33,33013,Merrimack County,43.146534,-71.456602,18180,"Concord, NH",2,148,"Boston-Worcester-Providence, MA-RI-NH",3302,33612,33017,2023-2024,42,0,0,0,0,0,0,0,0,0,0,100,0
3302340,Claremont School District,33,165 Broad St.,Claremont,NH,03743,33,33019,Sullivan County,43.369671,-72.337319,30150,"Lebanon-Claremont, NH-VT",2,N,N,3302,33906,33008,2023-2024,33,0,0,0,0,0,0,0,0,57.88,42.12,0,0
3302370,Clarksville School District,33,21 Academy St.,Colebrook,NH,03576,33,33007,Coos County,44.894225,-71.494738,N,N,0,N,N,3302,33303,33001,2023-2024,43,-2,-2,-2,-2,-2,-2,-2,-2,-2,-2,-2,-2
3302400,Colebrook School District,33,21 Academy St.,Colebrook,NH,03576,33,33007,Coos County,44.894225,-71.494738,N,N,0,N,N,3302,33303,33001,2023-2024,43,0,0,0,0,0,0,0,0,0,0,0,100
3302430,Columbia School District,33,21 Academy St.,Colebrook,NH,03576,33,33007,Coos County,44.894225,-71.494738,N,N,0,N,N,3302,33303,33001,2023-2024,43,-2,-2,-2,-2,-2,-2,-2,-2,-2,-2,-2,-2
3302460,Concord School District,33,38 Liberty St.,Concord,NH,03301,33,33013,Merrimack County,43.20383,-71.547941,18180,"Concord, NH",2,148,"Boston-Worcester-Providence, MA-RI-NH",3302,33619,33015,2023-2024,31,0,0,0,0,0,0,100,0,0,0,0,0
3302480,Contoocook Valley School District,33,106 Hancock Rd.,Peterborough,NH,03458,33,33011,Hillsborough County,42.905997,-71.938343,31700,"Manchester-Nashua, NH",1,148,"Boston-Worcester-Providence, MA-RI-NH",3302,33533,33010,2023-2024,42,0,0,0,0,0,0,0,0,0,1.91,98.09,0
3302490,Conway School District,33,176A Main St.,Conway,NH,03818,33,33003,Carroll County,43.979215,-71.126359,N,N,0,N,N,3301,33101,33003,2023-2024,41,0,0,0,0,0,0,0,0,40.14,59.86,0,0
3302510,Coos County School District,33,County Farm Road,W. Stewartstown,NH,03597,33,33007,Coos County,44.989081,-71.532412,N,N,0,N,N,3302,33303,33001,2023-2024,43,-2,-2,-2,-2,-2,-2,-2,-2,-2,-2,-2,-2
3302520,Cornish School District,33,274 Townhouse Road,Cornish,NH,03745,33,33019,Sullivan County,43.464335,-72.331219,30150,"Lebanon-Claremont, NH-VT",2,N,N,3302,33902,33005,2023-2024,42,0,0,0,0,0,0,0,0,0,0,100,0
3302550,Croydon School District,33,889 NH Rt. 10,Croydon,NH,03773,33,33019,Sullivan County,43.454354,-72.158995,30150,"Lebanon-Claremont, NH-VT",2,N,N,3302,33906,33008,2023-2024,42,0,0,0,0,0,0,0,0,0,0,100,0
3302580,Deerfield School District,33,Pembroke Academy,Pembroke,NH,03275,33,33013,Merrimack County,43.146534,-71.456602,18180,"Concord, NH",2,148,"Boston-Worcester-Providence, MA-RI-NH",3302,33612,33017,2023-2024,42,0,0,0,0,0,0,0,0,0,0,100,0
3302610,Derry Cooperative School District,33,18 South Main St.,Derry,NH,03038,33,33015,Rockingham County,42.888899,-71.308841,14460,"Boston-Cambridge-Newton, MA-NH",1,148,"Boston-Worcester-Providence, MA-RI-NH",3301,33713,33019,2023-2024,22,0,0,0,0,89.15,0,0,0,0,10.85,0,0
3302640,Dover School District,33,McConnell Center 61 Locust St.,Dover,NH,03820,33,33017,Strafford County,43.19329,-70.876915,14460,"Boston-Cambridge-Newton, MA-NH",1,148,"Boston-Worcester-Providence, MA-RI-NH",3301,33815,33004,2023-2024,23,0,0,0,0,0,100,0,0,0,0,0,0
3302670,Dresden School District,33,41 Lebanon St.,Hanover,NH,03755,33,33009,Grafton County,43.698811,-72.283309,30150,"Lebanon-Claremont, NH-VT",2,N,N,3302,33412,33005,2023-2024,33,0,0,0,0,0,0,0,0,65.23,34.77,0,0
3302730,Dummer School District,33,123 Main St.,Gorham,NH,03581,33,33007,Coos County,44.388999,-71.178215,N,N,0,N,N,3302,33306,33001,2023-2024,33,-2,-2,-2,-2,-2,-2,-2,-2,-2,-2,-2,-2
3302760,Dunbarton School District,33,55 Falcon Way,Bow,NH,03304,33,33013,Merrimack County,43.154411,-71.547641,18180,"Concord, NH",2,148,"Boston-Worcester-Providence, MA-RI-NH",3302,33609,33015,2023-2024,42,0,0,0,0,0,0,0,0,0,0,100,0
3302790,East Kingston School District,33,30 Linden St.,Exeter,NH,03833,33,33015,Rockingham County,42.975703,-70.956147,14460,"Boston-Cambridge-Newton, MA-NH",1,148,"Boston-Worcester-Providence, MA-RI-NH",3301,33711,33024,2023-2024,41,0,0,0,0,0,0,0,0,0,100,0,0
3302850,Eaton School District,33,176A Main St.,Conway,NH,03818,33,33003,Carroll County,43.979215,-71.126359,N,N,0,N,N,3301,33101,33003,2023-2024,33,-2,-2,-2,-2,-2,-2,-2,-2,-2,-2,-2,-2
3302870,Ellsworth School District,33,47 Old Ward Bridge Rd.,Plymouth,NH,03264,33,33009,Grafton County,43.764272,-71.703019,30150,"Lebanon-Claremont, NH-VT",2,N,N,3302,33408,33005,2023-2024,33,-2,-2,-2,-2,-2,-2,-2,-2,-2,-2,-2,-2
3302880,Epping School District,33,213 Main St.,Epping,NH,03042,33,33015,Rockingham County,43.04308,-71.073121,14460,"Boston-Cambridge-Newton, MA-NH",1,148,"Boston-Worcester-Providence, MA-RI-NH",3301,33705,33023,2023-2024,41,0,0,0,0,0,0,0,0,0,100,0,0
3302910,Epsom School District,33,Pembroke Academy,Pembroke,NH,03275,33,33013,Merrimack County,43.146534,-71.456602,18180,"Concord, NH",2,148,"Boston-Worcester-Providence, MA-RI-NH",3302,33612,33017,2023-2024,41,0,0,0,0,0,0,0,0,0,100,0,0
3302940,Errol School District,33,123 Main St.,Gorham,NH,03581,33,33007,Coos County,44.388999,-71.178215,N,N,0,N,N,3302,33306,33001,2023-2024,43,0,0,0,0,0,0,0,0,0,0,0,100
3302970,Exeter School District,33,30 Linden St.,Exeter,NH,03833,33,33015,Rockingham County,42.975703,-70.956147,14460,"Boston-Cambridge-Newton, MA-NH",1,148,"Boston-Worcester-Providence, MA-RI-NH",3301,33711,33024,2023-2024,31,0,0,0,0,0,0,100,0,0,0,0,0
3302990,Fall Mountain Regional School District,33,122 NH Route 12A Unit 5,Langdon,NH,03602,33,33019,Sullivan County,43.162662,-72.379115,30150,"Lebanon-Claremont, NH-VT",2,N,N,3302,33904,33008,2023-2024,41,0,0,0,0,0,0,0,0,6.13,50.53,43.34,0
3303000,Farmington School District,33,35 School Street,Farmington,NH,03835,33,33017,Strafford County,43.392894,-71.0689,14460,"Boston-Cambridge-Newton, MA-NH",1,148,"Boston-Worcester-Providence, MA-RI-NH",3301,33801,33006,2023-2024,41,0,0,0,0,0,0,0,0,0,100,0,0
3303090,Franklin School District,33,119 Central St.,Franklin,NH,03235,33,33013,Merrimack County,43.440808,-71.653474,18180,"Concord, NH",2,148,"Boston-Worcester-Providence, MA-RI-NH",3302,33603,33007,2023-2024,32,0,0,0,0,0,0,0,100,0,0,0,0
3303120,Freedom School District,33,881A Tamworth Road,Tamworth,NH,03886,33,33003,Carroll County,43.83629,-71.264982,N,N,0,N,N,3301,33103,33003,2023-2024,43,0,0,0,0,0,0,0,0,0,0,0,100
3303150,Fremont School District,33,432 Main Street,Fremont,NH,03044,33,33015,Rockingham County,42.985279,-71.129857,14460,"Boston-Cambridge-Newton, MA-NH",1,148,"Boston-Worcester-Providence, MA-RI-NH",3301,33707,33023,2023-2024,41,0,0,0,0,0,0,0,0,0,100,0,0
3303180,Gilford School District,33,2 Belknap Mountain Road,Gilford,NH,03249,33,33001,Belknap County,43.548213,-71.406955,29060,"Laconia, NH",2,148,"Boston-Worcester-Providence, MA-RI-NH",3301,33006,33002,2023-2024,41,0,0,0,0,0,0,0,0,0,100,0,0
3303210,Gilmanton School District,33,1386 NH Route 140,Gilmanton,NH,03237,33,33001,Belknap County,43.423383,-71.332256,29060,"Laconia, NH",2,148,"Boston-Worcester-Providence, MA-RI-NH",3301,33006,33006,2023-2024,42,0,0,0,0,0,0,0,0,0,0,100,0
3303240,Goffstown School District,33,11 School St.,Goffstown,NH,03045,33,33011,Hillsborough County,43.019567,-71.598611,31700,"Manchester-Nashua, NH",1,148,"Boston-Worcester-Providence, MA-RI-NH",3301,33529,33016,2023-2024,41,0,0,0,0,6.45,0,0,0,0,93.55,0,0
3303271,Virtual Learning Academy Charter School,33,30 Linden St.,Exeter,NH,03833,33,33015,Rockingham County,42.975703,-70.956147,14460,"Boston-Cambridge-Newton, MA-NH",1,148,"Boston-Worcester-Providence, MA-RI-NH",3301,33711,33024,2023-2024,31,0,0,0,0,0,0,100,0,0,0,0,0
3303275,Surry School District,33,1 Village Road,Surry,NH,03431,33,33005,Cheshire County,43.019834,-72.321924,28300,"Keene, NH",2,313,"Keene-Brattleboro, NH-VT",3302,33205,33010,2023-2024,41,-2,-2,-2,-2,-2,-2,-2,-2,-2,-2,-2,-2
3303276,Mason School District,33,13 Darling Hill Road,Mason,NH,03048,33,33011,Hillsborough County,42.744049,-71.768538,31700,"Manchester-Nashua, NH",1,148,"Boston-Worcester-Providence, MA-RI-NH",3302,33536,33012,2023-2024,42,0,0,0,0,0,0,0,0,0,0,100,0
3303279,Hale's Location (Carroll County) School District,33,91 Samuel Hale Dr.,Hale's Location,NH,03860,33,33003,Carroll County,44.043976,-71.162994,N,N,0,N,N,3301,33102,33003,2023-2024,41,-2,-2,-2,-2,-2,-2,-2,-2,-2,-2,-2,-2
3303280,Mill Falls Charter School,33,100 William Loeb Dr,Manchester,NH,03109,33,33011,Hillsborough County,42.975285,-71.405198,31700,"Manchester-Nashua, NH",1,148,"Boston-Worcester-Providence, MA-RI-NH",3301,33516,33018,2023-2024,12,0,100,0,0,0,0,0,0,0,0,0,0
3303286,The Birches Academy of Academics & Art A Public Charter Sch,33,419 South Broadway 2nd Floor,Salem,NH,03079,33,33015,Rockingham County,42.748749,-71.202742,14460,"Boston-Cambridge-Newton, MA-NH",1,148,"Boston-Worcester-Providence, MA-RI-NH",3302,33725,33022,2023-2024,21,0,0,0,100,0,0,0,0,0,0,0,0
3303287,Robert Frost Charter School,33,110 Main Street,Conway,NH,03818,33,33003,Carroll County,43.978924,-71.123001,N,N,0,N,N,3301,33101,33003,2023-2024,33,0,0,0,0,0,0,0,0,100,0,0,0
3303289,Making Community Connections Charter School,33,310 Marlboro St.,Keene,NH,03431,33,33005,Cheshire County,42.925709,-72.267621,28300,"Keene, NH",2,313,"Keene-Brattleboro, NH-VT",3302,33201,33010,2023-2024,32,0,0,0,0,0,0,0,100,0,0,0,0
3303290,Polaris Charter School,33,100 Coolidge Ave,Manchester,NH,03102,33,33011,Hillsborough County,42.995554,-71.476481,31700,"Manchester-Nashua, NH",1,148,"Boston-Worcester-Providence, MA-RI-NH",3301,33522,33020,2023-2024,12,0,100,0,0,0,0,0,0,0,0,0,0
3303291,Next Charter School,33,5 Hood Road,Derry,NH,03038,33,33015,Rockingham County,42.889483,-71.321952,14460,"Boston-Cambridge-Newton, MA-NH",1,148,"Boston-Worcester-Providence, MA-RI-NH",3301,33713,33019,2023-2024,22,0,0,0,0,100,0,0,0,0,0,0,0
3303293,Sullivan School District,33,Sullivan School District,Keene,NH,03431,33,33005,Cheshire County,43.013094,-72.220267,28300,"Keene, NH",2,313,"Keene-Brattleboro, NH-VT",3302,33208,33010,2023-2024,42,-2,-2,-2,-2,-2,-2,-2,-2,-2,-2,-2,-2
3303296,Arts Academy of New Hampshire Chartered Public High School,33,19 Keewaydin Drive,Salem,NH,03079,33,33015,Rockingham County,42.771763,-71.243878,14460,"Boston-Cambridge-Newton, MA-NH",1,148,"Boston-Worcester-Providence, MA-RI-NH",3302,33725,33022,2023-2024,21,0,0,0,100,0,0,0,0,0,0,0,0
3303297,Mountain Village Charter School,33,13 NH Route 25,Plymouth,NH,03264,33,33009,Grafton County,43.770011,-71.76411,30150,"Lebanon-Claremont, NH-VT",2,N,N,3302,33408,33005,2023-2024,41,0,0,0,0,0,0,0,0,0,100,0,0
3303298,The Founders Academy Charter School,33,5 Perimeter Rd,Manchester,NH,03103,33,33011,Hillsborough County,42.947253,-71.436778,31700,"Manchester-Nashua, NH",1,148,"Boston-Worcester-Providence, MA-RI-NH",3301,33515,33018,2023-2024,12,0,100,0,0,0,0,0,0,0,0,0,0
3303299,Gate City Charter School For the Arts,33,7 Henry Clay Dr,Merrimack,NH,03054,33,33011,Hillsborough County,42.804614,-71.485218,31700,"Manchester-Nashua, NH",1,148,"Boston-Worcester-Providence, MA-RI-NH",3301,33512,33011,2023-2024,22,0,0,0,0,100,0,0,0,0,0,0,0
3303301,Compass Classical Academy Charter School,33,15 Elkins Street,Northfield,NH,03276,33,33013,Merrimack County,43.441574,-71.592109,18180,"Concord, NH",2,148,"Boston-Worcester-Providence, MA-RI-NH",3302,33602,33017,2023-2024,32,0,0,0,0,0,0,0,100,0,0,0,0
3303302,MicroSociety Academy Charter School Foundation,33,591 West Hollis Street,Nashua,NH,03062,33,33011,Hillsborough County,42.744129,-71.50681,31700,"Manchester-Nashua, NH",1,148,"Boston-Worcester-Providence, MA-RI-NH",3302,33509,33012,2023-2024,13,0,0,100,0,0,0,0,0,0,0,0,0
3303303,Lempster School District,33,29 School Rd.,Lempster,NH,03605,33,33019,Sullivan County,43.249573,-72.165067,30150,"Lebanon-Claremont, NH-VT",2,N,N,3302,33904,33008,2023-2024,42,0,0,0,0,0,0,0,0,0,0,100,0
3303304,Goshen School District,33,54 Mill Village Rd,Goshen,NH,03752,33,33019,Sullivan County,43.302509,-72.149495,30150,"Lebanon-Claremont, NH-VT",2,N,N,3302,33904,33007,2023-2024,42,-2,-2,-2,-2,-2,-2,-2,-2,-2,-2,-2,-2
3303305,LEAF Charter School,33,789 Gilsum Mine Road,Alstead,NH,03602,33,33005,Cheshire County,43.075155,-72.270215,28300,"Keene, NH",2,313,"Keene-Brattleboro, NH-VT",3302,33209,33010,2023-2024,42,0,0,0,0,0,0,0,0,0,0,100,0
3303308,Kreiva Academy Public Charter School,33,470 Pine St.,Manchester,NH,03104,33,33011,Hillsborough County,42.994765,-71.459919,31700,"Manchester-Nashua, NH",1,148,"Boston-Worcester-Providence, MA-RI-NH",3301,33523,33020,2023-2024,12,0,100,0,0,0,0,0,0,0,0,0,0
3303314,Windham Academy Public Charter School,33,1 Industrial Drive,Windham,NH,03087,33,33015,Rockingham County,42.810866,-71.253753,14460,"Boston-Cambridge-Newton, MA-NH",1,148,"Boston-Worcester-Providence, MA-RI-NH",3302,33717,33019,2023-2024,22,0,0,0,0,100,0,0,0,0,0,0,0
3303315,Spark Academy of Advanced Technologies,33,1066 Front St.,Manchester,NH,03102,33,33011,Hillsborough County,43.018769,-71.483591,31700,"Manchester-Nashua, NH",1,148,"Boston-Worcester-Providence, MA-RI-NH",3301,33518,33020,2023-2024,12,0,100,0,0,0,0,0,0,0,0,0,0
3303316,Northeast Woodland Chartered Public School,33,53 Technology Lane,Conway,NH,03818,33,33003,Carroll County,43.992523,-71.108203,N,N,0,N,N,3301,33101,33003,2023-2024,33,0,0,0,0,0,0,0,0,100,0,0,0
3303318,Gathering Waters Charter School,33,98 South Lincoln Street,Keene,NH,03431,33,33005,Cheshire County,42.933745,-72.266439,28300,"Keene, NH",2,313,"Keene-Brattleboro, NH-VT",3302,33207,33010,2023-2024,32,0,0,0,0,0,0,0,100,0,0,0,0
3303330,Governor Wentworth Regional School District,33,140 Pine Hill Road,Wolfeboro Falls,NH,03896,33,33003,Carroll County,43.603676,-71.21224,N,N,0,N,N,3301,33106,33003,2023-2024,42,0,0,0,0,0,0,0,0,0,0,81,19
3303360,Grantham School District,33,300 Route 10 South,Grantham,NH,03753,33,33019,Sullivan County,43.491535,-72.138188,30150,"Lebanon-Claremont, NH-VT",2,N,N,3302,33901,33005,2023-2024,42,0,0,0,0,0,0,0,0,0,0,100,0
3303420,Greenland School District,33,48 Post Rd.,Greenland,NH,03840,33,33015,Rockingham County,43.034645,-70.83264,14460,"Boston-Cambridge-Newton, MA-NH",1,148,"Boston-Worcester-Providence, MA-RI-NH",3301,33724,33024,2023-2024,23,0,0,0,0,0,100,0,0,0,0,0,0
3303480,Hampstead School District,33,20 Mary E. Clark Drive,Hampstead,NH,03841,33,33015,Rockingham County,42.861595,-71.176102,14460,"Boston-Cambridge-Newton, MA-NH",1,148,"Boston-Worcester-Providence, MA-RI-NH",3301,33715,33019,2023-2024,21,0,0,0,100,0,0,0,0,0,0,0,0
3303510,Hampton School District,33,6 Marston Way,Hampton,NH,03842,33,33015,Rockingham County,42.941154,-70.826524,14460,"Boston-Cambridge-Newton, MA-NH",1,148,"Boston-Worcester-Providence, MA-RI-NH",3301,33729,33024,2023-2024,23,0,0,0,0,0,100,0,0,0,0,0,0
3303540,Hampton Falls School District,33,2 Alumni Dr.,Hampton,NH,03842,33,33015,Rockingham County,42.932693,-70.832789,14460,"Boston-Cambridge-Newton, MA-NH",1,148,"Boston-Worcester-Providence, MA-RI-NH",3301,33729,33024,2023-2024,21,0,0,0,100,0,0,0,0,0,0,0,0
3303600,Hanover School District,33,41 Lebanon St.,Hanover,NH,03755,33,33009,Grafton County,43.698811,-72.283309,30150,"Lebanon-Claremont, NH-VT",2,N,N,3302,33412,33005,2023-2024,41,0,0,0,0,0,0,0,0,0,100,0,0
3303630,Harrisville School District,33,193 Maple Avenue,Keene,NH,03431,33,33005,Cheshire County,42.956246,-72.312598,28300,"Keene, NH",2,313,"Keene-Brattleboro, NH-VT",3302,33202,33010,2023-2024,42,0,0,0,0,0,0,0,0,0,0,100,0
3303640,Hart's Location School District,33,176A Main St.,Conway,NH,03818,33,33003,Carroll County,43.979215,-71.126359,N,N,0,N,N,3301,33101,33003,2023-2024,33,-2,-2,-2,-2,-2,-2,-2,-2,-2,-2,-2,-2
3303660,Haverhill Cooperative School District,33,2975 Dartmouth College Hwy.,N. Haverhill,NH,03774,33,33009,Grafton County,44.095898,-72.025665,30150,"Lebanon-Claremont, NH-VT",2,N,N,3302,33405,33001,2023-2024,43,0,0,0,0,0,0,0,0,0,0,0,100
3303690,Henniker School District,33,258 Western Avenue,Henniker,NH,03242,33,33013,Merrimack County,43.180036,-71.832264,18180,"Concord, NH",2,148,"Boston-Worcester-Providence, MA-RI-NH",3302,33608,33007,2023-2024,42,0,0,0,0,0,0,0,0,0,0,100,0
3303720,Hill School District,33,32 Crescent Street,Hill,NH,03243,33,33013,Merrimack County,43.522275,-71.700508,18180,"Concord, NH",2,148,"Boston-Worcester-Providence, MA-RI-NH",3302,33605,33007,2023-2024,42,0,0,0,0,0,0,0,0,0,0,100,0
3303750,Hillsboro-Deering Cooperative School District,33,78 School Street,Hillsborough,NH,03244,33,33011,Hillsborough County,43.118151,-71.899775,31700,"Manchester-Nashua, NH",1,148,"Boston-Worcester-Providence, MA-RI-NH",3302,33530,33007,2023-2024,42,0,0,0,0,0,0,0,0,0,0,100,0
3303780,Hinsdale School District,33,Hinsdale School District,Hinsdale,NH,03451,33,33005,Cheshire County,42.781968,-72.498925,28300,"Keene, NH",2,313,"Keene-Brattleboro, NH-VT",3302,33206,33009,2023-2024,42,0,0,0,0,0,0,0,0,0,0,100,0
3303810,Holderness School District,33,47 Old Ward Bridge Rd.,Plymouth,NH,03264,33,33009,Grafton County,43.764272,-71.703019,30150,"Lebanon-Claremont, NH-VT",2,N,N,3302,33408,33005,2023-2024,41,0,0,0,0,0,0,0,0,0,100,0,0
3303840,Hollis School District,33,4 Lund Ln.,Hollis,NH,03049,33,33011,Hillsborough County,42.749076,-71.59471,31700,"Manchester-Nashua, NH",1,148,"Boston-Worcester-Providence, MA-RI-NH",3302,33535,33012,2023-2024,41,0,0,0,0,0,0,0,0,0,100,0,0
3303850,Hollis-Brookline Cooperative School District,33,4 Lund Ln.,Hollis,NH,03049,33,33011,Hillsborough County,42.749076,-71.59471,31700,"Manchester-Nashua, NH",1,148,"Boston-Worcester-Providence, MA-RI-NH",3302,33535,33012,2023-2024,41,0,0,0,0,0,0,0,0,0,100,0,0
3303870,Hooksett School District,33,90 Farmer Rd.,Hooksett,NH,03106,33,33013,Merrimack County,43.049141,-71.413348,18180,"Concord, NH",2,148,"Boston-Worcester-Providence, MA-RI-NH",3301,33610,33016,2023-2024,22,0,0,0,0,100,0,0,0,0,0,0,0
3303900,Hopkinton School District,33,204 Maple St.,Contoocook,NH,03229,33,33013,Merrimack County,43.216956,-71.711418,18180,"Concord, NH",2,148,"Boston-Worcester-Providence, MA-RI-NH",3302,33609,33015,2023-2024,42,0,0,0,0,0,0,0,0,0,0,100,0
3303930,Hudson School District,33,20 Library St.,Hudson,NH,03051,33,33011,Hillsborough County,42.765188,-71.438278,31700,"Manchester-Nashua, NH",1,148,"Boston-Worcester-Providence, MA-RI-NH",3302,33513,33014,2023-2024,22,0,0,0,0,100,0,0,0,0,0,0,0
3303960,Inter-Lakes Cooperative School District,33,103 Main St.,Meredith,NH,03253,33,33001,Belknap County,43.65479,-71.501007,29060,"Laconia, NH",2,148,"Boston-Worcester-Providence, MA-RI-NH",3301,33002,33002,2023-2024,32,0,0,0,0,0,0,0,91.84,0,0,8.16,0
3303990,Jackson School District,33,176A Main St.,Conway,NH,03818,33,33003,Carroll County,43.979215,-71.126359,N,N,0,N,N,3301,33101,33003,2023-2024,42,0,0,0,0,0,0,0,0,0,0,100,0
3304030,Jaffrey-Rindge Cooperative School District,33,1 Conant Way,Jaffrey,NH,03452,33,33005,Cheshire County,42.811235,-72.019213,28300,"Keene, NH",2,313,"Keene-Brattleboro, NH-VT",3302,33213,33009,2023-2024,42,0,0,0,0,0,0,0,0,0,0,100,0
3304040,Kearsarge Regional School District,33,114 Cougar Court,New London,NH,03257,33,33013,Merrimack County,43.417264,-71.986385,18180,"Concord, NH",2,148,"Boston-Worcester-Providence, MA-RI-NH",3302,33607,33005,2023-2024,43,0,0,0,0,0,0,0,0,0,0,49.01,50.99
3304050,Keene School District,33,193 Maple Avenue,Keene,NH,03431,33,33005,Cheshire County,42.956246,-72.312598,28300,"Keene, NH",2,313,"Keene-Brattleboro, NH-VT",3302,33202,33010,2023-2024,32,0,0,0,0,0,0,0,100,0,0,0,0
3304080,Kensington School District,33,30 Linden St.,Exeter,NH,03833,33,33015,Rockingham County,42.975703,-70.956147,14460,"Boston-Cambridge-Newton, MA-NH",1,148,"Boston-Worcester-Providence, MA-RI-NH",3301,33711,33024,2023-2024,41,0,0,0,0,0,0,0,0,0,100,0,0
3304140,Laconia School District,33,39 Harvard Street,Laconia,NH,03247,33,33001,Belknap County,43.530228,-71.474283,29060,"Laconia, NH",2,148,"Boston-Worcester-Providence, MA-RI-NH",3301,33005,33002,2023-2024,32,0,0,0,0,0,0,0,100,0,0,0,0
3304150,Lafayette Regional School District,33,262 Cottage Street,Littleton,NH,03561,33,33009,Grafton County,44.298341,-71.769333,30150,"Lebanon-Claremont, NH-VT",2,N,N,3302,33401,33001,2023-2024,43,0,0,0,0,0,0,0,0,0,0,0,100
3304170,Landaff School District,33,262 Cottage Street,Littleton,NH,03561,33,33009,Grafton County,44.298341,-71.769333,30150,"Lebanon-Claremont, NH-VT",2,N,N,3302,33401,33001,2023-2024,43,0,0,0,0,0,0,0,0,0,0,0,100
3304230,Lebanon School District,33,Seminary Hill School,West Lebanon,NH,03784,33,33009,Grafton County,43.642903,-72.308621,30150,"Lebanon-Claremont, NH-VT",2,N,N,3302,33413,33005,2023-2024,33,0,0,0,0,0,0,0,0,100,0,0,0
3304260,Lincoln-Woodstock Cooperative School District,33,78 Main Street,Lincoln,NH,03251,33,33009,Grafton County,44.04081,-71.671764,30150,"Lebanon-Claremont, NH-VT",2,N,N,3302,33403,33003,2023-2024,33,0,0,0,0,0,0,0,0,100,0,0,0
3304290,Lisbon Regional School District,33,262 Cottage Street,Littleton,NH,03561,33,33009,Grafton County,44.298341,-71.769333,30150,"Lebanon-Claremont, NH-VT",2,N,N,3302,33401,33001,2023-2024,43,0,0,0,0,0,0,0,0,0,0,0,100
3304350,Litchfield School District,33,1 Highlander Court,Litchfield,NH,03052,33,33011,Hillsborough County,42.825306,-71.445245,31700,"Manchester-Nashua, NH",1,148,"Boston-Worcester-Providence, MA-RI-NH",3302,33514,33018,2023-2024,22,0,0,0,0,100,0,0,0,0,0,0,0
3304380,Littleton School District,33,65 Maple St.,Littleton,NH,03561,33,33009,Grafton County,44.309057,-71.774887,30150,"Lebanon-Claremont, NH-VT",2,N,N,3302,33401,33001,2023-2024,43,0,0,0,0,0,0,0,0,0,0,0,100
3304410,Londonderry School District,33,6A Kitty Hawk Landing,Londonderry,NH,03053,33,33015,Rockingham County,42.925129,-71.415705,14460,"Boston-Cambridge-Newton, MA-NH",1,148,"Boston-Worcester-Providence, MA-RI-NH",3301,33716,33014,2023-2024,22,0,0,0,0,100,0,0,0,0,0,0,0
3304500,Lyme School District,33,38 Union Street,Lyme,NH,03768,33,33009,Grafton County,43.8103,-72.160209,30150,"Lebanon-Claremont, NH-VT",2,N,N,3302,33412,33005,2023-2024,42,0,0,0,0,0,0,0,0,0,0,100,0
3304560,Madison School District,33,881A Tamworth Road,Tamworth,NH,03886,33,33003,Carroll County,43.83629,-71.264982,N,N,0,N,N,3301,33103,33003,2023-2024,42,0,0,0,0,0,0,0,0,0,0,100,0
3304590,Manchester School District,33,20 Hecker Street,Manchester,NH,03102,33,33011,Hillsborough County,42.986921,-71.474726,31700,"Manchester-Nashua, NH",1,148,"Boston-Worcester-Providence, MA-RI-NH",3301,33522,33020,2023-2024,12,0,100,0,0,0,0,0,0,0,0,0,0
3304620,Marlborough School District,33,193 Maple Avenue,Keene,NH,03431,33,33005,Cheshire County,42.956246,-72.312598,28300,"Keene, NH",2,313,"Keene-Brattleboro, NH-VT",3302,33202,33010,2023-2024,32,0,0,0,0,0,0,0,100,0,0,0,0
3304650,Marlow School District,33,193 Maple Avenue,Keene,NH,03431,33,33005,Cheshire County,42.956246,-72.312598,28300,"Keene, NH",2,313,"Keene-Brattleboro, NH-VT",3302,33202,33010,2023-2024,43,0,0,0,0,0,0,0,0,0,0,0,100
3304670,Mascenic Regional School District,33,16 School Street,Greenville,NH,03048,33,33011,Hillsborough County,42.765204,-71.812257,31700,"Manchester-Nashua, NH",1,148,"Boston-Worcester-Providence, MA-RI-NH",3302,33536,33012,2023-2024,42,0,0,0,0,0,0,0,0,0,0,100,0
3304680,Mascoma Valley Regional School District,33,547 US Route 4,Enfield,NH,03748,33,33009,Grafton County,43.644354,-72.119284,30150,"Lebanon-Claremont, NH-VT",2,N,N,3302,33416,33005,2023-2024,41,0,0,0,0,0,0,0,0,19.81,58.6,21.58,0
3304740,Merrimack School District,33,36 McElwain St.,Merrimack,NH,03054,33,33011,Hillsborough County,42.86185,-71.497961,31700,"Manchester-Nashua, NH",1,148,"Boston-Worcester-Providence, MA-RI-NH",3301,33512,33011,2023-2024,22,0,0,0,0,85.55,0,0,0,0,14.45,0,0
3304760,Merrimack Valley School District,33,105 Community Dr.,Penacook,NH,03303,33,33013,Merrimack County,43.275458,-71.592557,18180,"Concord, NH",2,148,"Boston-Worcester-Providence, MA-RI-NH",3302,33615,33015,2023-2024,31,0,0,0,0,0,0,69.98,0,0,23.02,7,0
3304770,Middleton School District,33,C/O Governor Wentworth Regional School D,Wolfeboro Falls,NH,03896,33,33003,Carroll County,43.603676,-71.21224,N,N,0,N,N,3301,33106,33003,2023-2024,42,0,0,0,0,0,0,0,0,0,0,100,0
3304800,Milan School District,33,123 Main St.,Gorham,NH,03581,33,33007,Coos County,44.388999,-71.178215,N,N,0,N,N,3302,33306,33001,2023-2024,42,0,0,0,0,0,0,0,0,0,0,100,0
3304830,Milford School District,33,100 West St.,Milford,NH,03055,33,33011,Hillsborough County,42.828978,-71.659448,31700,"Manchester-Nashua, NH",1,148,"Boston-Worcester-Providence, MA-RI-NH",3302,33543,33011,2023-2024,22,0,0,0,0,70.01,0,0,0,0,29.99,0,0
3304890,Monadnock Regional School District,33,Monadnock Reg. School District,Swanzey,NH,03446,33,33005,Cheshire County,42.87374,-72.281128,28300,"Keene, NH",2,313,"Keene-Brattleboro, NH-VT",3302,33210,33010,2023-2024,41,0,0,0,0,0,0,0,0,0,60.52,39.48,0
3304920,Monroe School District,33,77 Woodsville Rd.,Monroe,NH,03771,33,33009,Grafton County,44.25855,-72.052147,30150,"Lebanon-Claremont, NH-VT",2,N,N,3302,33401,33001,2023-2024,42,0,0,0,0,0,0,0,0,0,0,100,0
3304950,Mont Vernon School District,33,1 School St.,Amherst,NH,03031,33,33011,Hillsborough County,42.864231,-71.626908,31700,"Manchester-Nashua, NH",1,148,"Boston-Worcester-Providence, MA-RI-NH",3302,33534,33011,2023-2024,41,0,0,0,0,0,0,0,0,0,100,0,0
3304960,Moultonborough School District,33,25 Blake Rd,Moultonborough,NH,03254,33,33003,Carroll County,43.750823,-71.396094,N,N,0,N,N,3301,33103,33003,2023-2024,42,0,0,0,0,0,0,0,0,0,0,100,0
3304980,Nashua School District,33,141 Ledge St.,Nashua,NH,03061,33,33011,Hillsborough County,42.754935,-71.485358,31700,"Manchester-Nashua, NH",1,148,"Boston-Worcester-Providence, MA-RI-NH",3302,33503,33013,2023-2024,13,0,0,100,0,0,0,0,0,0,0,0,0
3305010,Nelson School District,33,193 Maple Avenue,Keene,NH,03431,33,33005,Cheshire County,42.956246,-72.312598,28300,"Keene, NH",2,313,"Keene-Brattleboro, NH-VT",3302,33202,33010,2023-2024,42,0,0,0,0,0,0,0,0,0,0,100,0
3305040,New Boston School District,33,11 School St.,Goffstown,NH,03045,33,33011,Hillsborough County,43.019567,-71.598611,31700,"Manchester-Nashua, NH",1,148,"Boston-Worcester-Providence, MA-RI-NH",3301,33529,33016,2023-2024,42,0,0,0,0,0,0,0,0,0,0,100,0
3305070,New Castle School District,33,48 Post Rd.,Greenland,NH,03840,33,33015,Rockingham County,43.034645,-70.83264,14460,"Boston-Cambridge-Newton, MA-NH",1,148,"Boston-Worcester-Providence, MA-RI-NH",3301,33724,33024,2023-2024,23,0,0,0,0,0,100,0,0,0,0,0,0
3305190,Newfields School District,33,30 Linden St.,Exeter,NH,03833,33,33015,Rockingham County,42.975703,-70.956147,14460,"Boston-Cambridge-Newton, MA-NH",1,148,"Boston-Worcester-Providence, MA-RI-NH",3301,33711,33024,2023-2024,41,0,0,0,0,0,0,0,0,0,100,0,0
3305220,Newfound Area School District,33,20 North Main St.,Bristol,NH,03222,33,33009,Grafton County,43.591783,-71.737046,30150,"Lebanon-Claremont, NH-VT",2,N,N,3302,33410,33007,2023-2024,42,0,0,0,0,0,0,0,0,0,0,100,0
3305250,Newington School District,33,48 Post Rd.,Greenland,NH,03840,33,33015,Rockingham County,43.034645,-70.83264,14460,"Boston-Cambridge-Newton, MA-NH",1,148,"Boston-Worcester-Providence, MA-RI-NH",3301,33724,33024,2023-2024,41,0,0,0,0,0,0,0,0,0,100,0,0
3305280,Newmarket School District,33,186A Main St.,Newmarket,NH,03857,33,33015,Rockingham County,43.077356,-70.939796,14460,"Boston-Cambridge-Newton, MA-NH",1,148,"Boston-Worcester-Providence, MA-RI-NH",3301,33710,33021,2023-2024,23,0,0,0,0,0,100,0,0,0,0,0,0
3305310,Newport School District,33,86 North Main Street,Newport,NH,03773,33,33019,Sullivan County,43.367466,-72.176337,30150,"Lebanon-Claremont, NH-VT",2,N,N,3302,33903,33008,2023-2024,42,0,0,0,0,0,0,0,0,0,0,100,0
3305370,North Hampton School District,33,2 Alumni Dr.,Hampton,NH,03842,33,33015,Rockingham County,42.932693,-70.832789,14460,"Boston-Cambridge-Newton, MA-NH",1,148,"Boston-Worcester-Providence, MA-RI-NH",3301,33729,33024,2023-2024,41,0,0,0,0,0,0,0,0,0,100,0,0
3305400,Northumberland School District,33,15 Preble St.,Groveton,NH,03582,33,33007,Coos County,44.599538,-71.514273,N,N,0,N,N,3302,33301,33001,2023-2024,43,0,0,0,0,0,0,0,0,0,0,0,100
3305430,Northwood School District,33,Greenbriar Building,Northwood,NH,03261,33,33015,Rockingham County,43.19256,-71.149633,14460,"Boston-Cambridge-Newton, MA-NH",1,148,"Boston-Worcester-Providence, MA-RI-NH",3302,33701,33017,2023-2024,42,0,0,0,0,0,0,0,0,0,0,100,0
3305460,Nottingham School District,33,130 Stage Rd.,NOTTINGHAM,NH,03290,33,33015,Rockingham County,43.116751,-71.102398,14460,"Boston-Cambridge-Newton, MA-NH",1,148,"Boston-Worcester-Providence, MA-RI-NH",3301,33701,33017,2023-2024,42,0,0,0,0,0,0,0,0,0,0,100,0
3305520,Oyster River Coop School District,33,36 Coe Dr.,Durham,NH,03824,33,33017,Strafford County,43.138758,-70.919643,14460,"Boston-Cambridge-Newton, MA-NH",1,148,"Boston-Worcester-Providence, MA-RI-NH",3301,33810,33021,2023-2024,31,0,0,0,0,0,0,70.2,0,0,29.8,0,0
3305550,Pelham School District,33,59A Marsh Road,Pelham,NH,03076,33,33011,Hillsborough County,42.727062,-71.326736,31700,"Manchester-Nashua, NH",1,148,"Boston-Worcester-Providence, MA-RI-NH",3302,33501,33022,2023-2024,22,0,0,0,0,100,0,0,0,0,0,0,0
3305580,Pembroke School District,33,Pembroke Academy,Pembroke,NH,03275,33,33013,Merrimack County,43.146534,-71.456602,18180,"Concord, NH",2,148,"Boston-Worcester-Providence, MA-RI-NH",3302,33612,33017,2023-2024,22,0,0,0,0,76.58,0,0,0,0,23.42,0,0
3305670,Piermont School District,33,2975 Dartmouth College Hwy.,N. Haverhill,NH,03774,33,33009,Grafton County,44.095898,-72.025665,30150,"Lebanon-Claremont, NH-VT",2,N,N,3302,33405,33001,2023-2024,43,0,0,0,0,0,0,0,0,0,0,0,100
3305700,Pittsburg School District,33,21 Academy St.,Colebrook,NH,03576,33,33007,Coos County,44.894225,-71.494738,N,N,0,N,N,3302,33303,33001,2023-2024,43,0,0,0,0,0,0,0,0,0,0,0,100
3305730,Pittsfield School District,33,23 Oneida Street Unit 1,Pittsfield,NH,03263,33,33013,Merrimack County,43.303623,-71.316728,18180,"Concord, NH",2,148,"Boston-Worcester-Providence, MA-RI-NH",3302,33613,33017,2023-2024,42,0,0,0,0,0,0,0,0,0,0,100,0
3305760,Plainfield School District,33,92 Bonner Rd.,Meriden,NH,03770,33,33019,Sullivan County,43.542382,-72.267511,30150,"Lebanon-Claremont, NH-VT",2,N,N,3302,33902,33005,2023-2024,42,0,0,0,0,0,0,0,0,0,0,100,0
3305790,Plymouth School District,33,47 Old Ward Bridge Rd.,Plymouth,NH,03264,33,33009,Grafton County,43.764272,-71.703019,30150,"Lebanon-Claremont, NH-VT",2,N,N,3302,33408,33005,2023-2024,33,0,0,0,0,0,0,0,0,100,0,0,0
3305820,Portsmouth School District,33,1 Junkins Avenue,Portsmouth,NH,03801,33,33015,Rockingham County,43.071054,-70.753657,14460,"Boston-Cambridge-Newton, MA-NH",1,148,"Boston-Worcester-Providence, MA-RI-NH",3301,33722,33021,2023-2024,23,0,0,0,0,0,100,0,0,0,0,0,0
3305830,Profile School District,33,262 Cottage Street,Littleton,NH,03561,33,33009,Grafton County,44.298341,-71.769333,30150,"Lebanon-Claremont, NH-VT",2,N,N,3302,33401,33001,2023-2024,43,0,0,0,0,0,0,0,0,0,0,0,100
3305880,Raymond School District,33,43 Harriman Hill Rd.,Raymond,NH,03077,33,33015,Rockingham County,43.048118,-71.177088,14460,"Boston-Cambridge-Newton, MA-NH",1,148,"Boston-Worcester-Providence, MA-RI-NH",3301,33704,33016,2023-2024,31,0,0,0,0,0,0,66.22,0,0,33.78,0,0
3305940,Rochester School District,33,150 Wakefield St.,Rochester,NH,03867,33,33017,Strafford County,43.315894,-70.979927,14460,"Boston-Cambridge-Newton, MA-NH",1,148,"Boston-Worcester-Providence, MA-RI-NH",3301,33802,33006,2023-2024,23,0,0,0,0,0,100,0,0,0,0,0,0
3305970,Rollinsford School District,33,51 West High Street,SOMERSWORTH,NH,03878,33,33017,Strafford County,43.25904,-70.872251,14460,"Boston-Cambridge-Newton, MA-NH",1,148,"Boston-Worcester-Providence, MA-RI-NH",3301,33812,33004,2023-2024,31,0,0,0,0,0,0,100,0,0,0,0,0
3306000,Rumney School District,33,47 Old Ward Bridge Rd.,Plymouth,NH,03264,33,33009,Grafton County,43.764272,-71.703019,30150,"Lebanon-Claremont, NH-VT",2,N,N,3302,33408,33005,2023-2024,42,0,0,0,0,0,0,0,0,0,0,100,0
3306030,Rye School District,33,48 Post Rd.,Greenland,NH,03840,33,33015,Rockingham County,43.034645,-70.83264,14460,"Boston-Cambridge-Newton, MA-NH",1,148,"Boston-Worcester-Providence, MA-RI-NH",3301,33724,33024,2023-2024,23,0,0,0,0,0,100,0,0,0,0,0,0
3306060,Salem School District,33,38 Geremonty Dr.,Salem,NH,03079,33,33015,Rockingham County,42.781914,-71.212798,14460,"Boston-Cambridge-Newton, MA-NH",1,148,"Boston-Worcester-Providence, MA-RI-NH",3302,33725,33022,2023-2024,21,0,0,0,100,0,0,0,0,0,0,0,0
3306080,Sanborn Regional School District,33,51 Church Street,Kingston,NH,03848,33,33015,Rockingham County,42.946496,-71.057298,14460,"Boston-Cambridge-Newton, MA-NH",1,148,"Boston-Worcester-Providence, MA-RI-NH",3301,33714,33023,2023-2024,21,0,0,0,100,0,0,0,0,0,0,0,0
3306150,Seabrook School District,33,2 Alumni Dr.,Hampton,NH,03842,33,33015,Rockingham County,42.932693,-70.832789,14460,"Boston-Cambridge-Newton, MA-NH",1,148,"Boston-Worcester-Providence, MA-RI-NH",3301,33729,33024,2023-2024,41,0,0,0,0,0,0,0,0,0,100,0,0
3306180,Shaker Regional School District,33,58 School St.,Belmont,NH,03220,33,33001,Belknap County,43.440343,-71.47965,29060,"Laconia, NH",2,148,"Boston-Worcester-Providence, MA-RI-NH",3301,33004,33002,2023-2024,42,0,0,0,0,0,0,0,0,0,32.21,67.79,0
3306240,Somersworth School District,33,51 West High Street,Somersworth,NH,03878,33,33017,Strafford County,43.25904,-70.872251,14460,"Boston-Cambridge-Newton, MA-NH",1,148,"Boston-Worcester-Providence, MA-RI-NH",3301,33812,33004,2023-2024,23,0,0,0,0,0,100,0,0,0,0,0,0
3306260,Souhegan Cooperative School District,33,1 School St.,Amherst,NH,03031,33,33011,Hillsborough County,42.864231,-71.626908,31700,"Manchester-Nashua, NH",1,148,"Boston-Worcester-Providence, MA-RI-NH",3302,33534,33011,2023-2024,41,0,0,0,0,0,0,0,0,0,100,0,0
3306270,South Hampton School District,33,2 Alumni Dr.,Hampton,NH,03842,33,33015,Rockingham County,42.932693,-70.832789,14460,"Boston-Cambridge-Newton, MA-NH",1,148,"Boston-Worcester-Providence, MA-RI-NH",3301,33729,33024,2023-2024,41,0,0,0,0,0,0,0,0,0,100,0,0
3306330,Stark School District,33,15 Preble St.,Groveton,NH,03582,33,33007,Coos County,44.599538,-71.514273,N,N,0,N,N,3302,33301,33001,2023-2024,43,0,0,0,0,0,0,0,0,0,0,0,100
3306360,Stewartstown School District,33,21 Academy St.,Colebrook,NH,03576,33,33007,Coos County,44.894225,-71.494738,N,N,0,N,N,3302,33303,33001,2023-2024,43,0,0,0,0,0,0,0,0,0,0,0,100
3306390,Stoddard School District,33,258 Western Avenue,Henniker,NH,03242,33,33013,Merrimack County,43.180036,-71.832264,18180,"Concord, NH",2,148,"Boston-Worcester-Providence, MA-RI-NH",3302,33608,33007,2023-2024,42,0,0,0,0,0,0,0,0,0,0,100,0
3306420,Strafford School District,33,22 Roller Coaster Road,Strafford,NH,03884,33,33017,Strafford County,43.269674,-71.127825,14460,"Boston-Cambridge-Newton, MA-NH",1,148,"Boston-Worcester-Providence, MA-RI-NH",3301,33804,33006,2023-2024,42,0,0,0,0,0,0,0,0,0,0,100,0
3306450,Stratford School District,33,15 Preble St.,Groveton,NH,03582,33,33007,Coos County,44.599538,-71.514273,N,N,0,N,N,3302,33301,33001,2023-2024,43,0,0,0,0,0,0,0,0,0,0,0,100
3306480,Stratham School District,33,30 Linden St.,Exeter,NH,03833,33,33015,Rockingham County,42.975703,-70.956147,14460,"Boston-Cambridge-Newton, MA-NH",1,148,"Boston-Worcester-Providence, MA-RI-NH",3301,33711,33024,2023-2024,41,0,0,0,0,0,0,0,0,0,100,0,0
3306540,Sunapee School District,33,70 Lower Main Street,Sunapee,NH,03782,33,33019,Sullivan County,43.38698,-72.094421,30150,"Lebanon-Claremont, NH-VT",2,N,N,3302,33905,33008,2023-2024,42,0,0,0,0,0,0,0,0,0,0,55.05,44.95
3306600,Tamworth School District,33,881A Tamworth Road,Tamworth,NH,03886,33,33003,Carroll County,43.83629,-71.264982,N,N,0,N,N,3301,33103,33003,2023-2024,43,0,0,0,0,0,0,0,0,0,0,0,100
3306660,Thornton School District,33,47 Old Ward Bridge Rd.,Plymouth,NH,03264,33,33009,Grafton County,43.764272,-71.703019,30150,"Lebanon-Claremont, NH-VT",2,N,N,3302,33408,33005,2023-2024,42,0,0,0,0,0,0,0,0,0,0,100,0
3306720,Timberlane Regional School District,33,30 Greenough Rd.,Plaistow,NH,03865,33,33015,Rockingham County,42.845421,-71.112366,14460,"Boston-Cambridge-Newton, MA-NH",1,148,"Boston-Worcester-Providence, MA-RI-NH",3301,33720,33022,2023-2024,21,0,0,0,77.7,0,0,0,0,0,22.3,0,0
3306750,Unity School District,33,165 Broad St.,Claremont,NH,03743,33,33019,Sullivan County,43.369671,-72.337319,30150,"Lebanon-Claremont, NH-VT",2,N,N,3302,33906,33008,2023-2024,42,0,0,0,0,0,0,0,0,0,0,100,0
3306780,Wakefield School District,33,76 Taylor Way,Sanbornville,NH,03872,33,33003,Carroll County,43.553303,-71.03723,N,N,0,N,N,3301,33104,33003,2023-2024,42,0,0,0,0,0,0,0,0,0,0,100,0
3306870,Warren School District,33,2975 Dartmouth College Hwy.,N. Haverhill,NH,03774,33,33009,Grafton County,44.095898,-72.025665,30150,"Lebanon-Claremont, NH-VT",2,N,N,3302,33405,33001,2023-2024,43,0,0,0,0,0,0,0,0,0,0,0,100
3306900,Washington School District,33,78 School Street,Hillsborough,NH,03244,33,33011,Hillsborough County,43.118151,-71.899775,31700,"Manchester-Nashua, NH",1,148,"Boston-Worcester-Providence, MA-RI-NH",3302,33530,33007,2023-2024,43,0,0,0,0,0,0,0,0,0,0,0,100
3306910,Waterville Valley School District,33,47 Old Ward Bridge Rd.,Plymouth,NH,03264,33,33009,Grafton County,43.764272,-71.703019,30150,"Lebanon-Claremont, NH-VT",2,N,N,3302,33408,33005,2023-2024,42,0,0,0,0,0,0,0,0,0,0,100,0
3306930,Weare School District,33,258 Western Avenue,Henniker,NH,03242,33,33013,Merrimack County,43.180036,-71.832264,18180,"Concord, NH",2,148,"Boston-Worcester-Providence, MA-RI-NH",3302,33608,33007,2023-2024,42,0,0,0,0,0,0,0,0,0,0,100,0
3306990,Wentworth School District,33,47 Old Ward Bridge Rd.,Plymouth,NH,03264,33,33009,Grafton County,43.764272,-71.703019,30150,"Lebanon-Claremont, NH-VT",2,N,N,3302,33408,33005,2023-2024,43,0,0,0,0,0,0,0,0,0,0,0,100
3307020,Westmoreland School District,33,193 Maple Avenue,Keene,NH,03431,33,33005,Cheshire County,42.956246,-72.312598,28300,"Keene, NH",2,313,"Keene-Brattleboro, NH-VT",3302,33202,33010,2023-2024,42,0,0,0,0,0,0,0,0,0,0,100,0
3307050,White Mountains Regional School District,33,135 Regional Road,Whitefield,NH,03598,33,33007,Coos County,44.418184,-71.602962,N,N,0,N,N,3302,33304,33001,2023-2024,43,0,0,0,0,0,0,0,0,0,0,0,100
3307115,Wilton-Lyndeborough Cooperative School District,33,192 Forest Road,Lyndeborough,NH,03082,33,33011,Hillsborough County,42.881697,-71.78573,31700,"Manchester-Nashua, NH",1,148,"Boston-Worcester-Providence, MA-RI-NH",3302,33542,33009,2023-2024,41,0,0,0,0,44.92,0,0,0,0,55.08,0,0
3307140,Winchester School District,33,Winchester School District,Winchester,NH,03470,33,33005,Cheshire County,42.767617,-72.376447,28300,"Keene, NH",2,313,"Keene-Brattleboro, NH-VT",3302,33211,33009,2023-2024,42,0,0,0,0,0,0,0,0,0,0,100,0
3307170,Windham School District,33,19 Haverhill Road,Windham,NH,03087,33,33015,Rockingham County,42.799837,-71.309484,14460,"Boston-Cambridge-Newton, MA-NH",1,148,"Boston-Worcester-Providence, MA-RI-NH",3302,33717,33019,2023-2024,41,0,0,0,0,0,0,0,0,0,100,0,0
3307200,Windsor School District,33,78 School Street,Hillsborough,NH,03244,33,33011,Hillsborough County,43.118151,-71.899775,31700,"Manchester-Nashua, NH",1,148,"Boston-Worcester-Providence, MA-RI-NH",3302,33530,33007,2023-2024,42,-2,-2,-2,-2,-2,-2,-2,-2,-2,-2,-2,-2
3307230,Winnacunnet Cooperative School District,33,2 Alumni Dr.,Hampton,NH,03842,33,33015,Rockingham County,42.932693,-70.832789,14460,"Boston-Cambridge-Newton, MA-NH",1,148,"Boston-Worcester-Providence, MA-RI-NH",3301,33729,33024,2023-2024,23,0,0,0,0,0,100,0,0,0,0,0,0
3307300,Winnisquam Regional School District,33,433 West Main St.,Tilton,NH,03276,33,33001,Belknap County,43.444178,-71.603401,29060,"Laconia, NH",2,148,"Boston-Worcester-Providence, MA-RI-NH",3301,33003,33007,2023-2024,41,0,0,0,0,0,0,0,34.96,0,65.04,0,0
3307330,Coe-Brown Northwood Academy School District,33,907 First NH Tpke.,Northwood,NH,03261,33,33015,Rockingham County,43.217919,-71.211202,14460,"Boston-Cambridge-Newton, MA-NH",1,148,"Boston-Worcester-Providence, MA-RI-NH",3302,33701,33017,2023-2024,42,0,0,0,0,0,0,0,0,0,0,100,0
3307360,Pinkerton Academy School District,33,5 Pinkerton St,Derry,NH,03038,33,33015,Rockingham County,42.895512,-71.316481,14460,"Boston-Cambridge-Newton, MA-NH",1,148,"Boston-Worcester-Providence, MA-RI-NH",3301,33713,33019,2023-2024,22,0,0,0,0,100,0,0,0,0,0,0,0
3399965,Pemi-Baker Regional School District,33,47 Old Ward Bridge Rd.,Plymouth,NH,03264,33,33009,Grafton County,43.764272,-71.703019,30150,"Lebanon-Claremont, NH-VT",2,N,N,3302,33408,33005,2023-2024,33,0,0,0,0,0,0,0,0,100,0,0,0
3399970,SAU #23 French Pond School District,33,2975 Dartmouth College Hwy.,N. Haverhill,NH,03774,33,33009,Grafton County,44.095898,-72.025665,30150,"Lebanon-Claremont, NH-VT",2,N,N,3302,33405,33001,2023-2024,43,0,0,0,0,0,0,0,0,0,0,0,100
3399971,SAU #23 King Street School School District,33,2975 Dartmouth College Hwy.,N. Haverhill,NH,03774,33,33009,Grafton County,44.095898,-72.025665,30150,"Lebanon-Claremont, NH-VT",2,N,N,3302,33405,33001,2023-2024,43,0,0,0,0,0,0,0,0,0,0,0,100
3399972,Heartwood Public Charter School,33,30 Davenport Rd,Jefferson,NH,03583,33,33007,Coos County,44.40033,-71.436228,N,N,0,N,N,3302,33304,33001,2023-2024,43,0,0,0,0,0,0,0,0,0,0,0,100
3399973,Coastal Waters Chartered Public School,33,2 Holland Way,Exeter,NH,03833,33,33015,Rockingham County,42.979431,-70.918071,14460,"Boston-Cambridge-Newton, MA-NH",1,148,"Boston-Worcester-Providence, MA-RI-NH",3301,33711,33024,2023-2024,31,0,0,0,0,0,0,100,0,0,0,0,0
3399974,Lionheart Classical Academy Chartered Public School,33,10 Sharon Road,PETERBOROUGH,NH,03458,33,33011,Hillsborough County,42.854143,-71.963153,31700,"Manchester-Nashua, NH",1,148,"Boston-Worcester-Providence, MA-RI-NH",3302,33533,33010,2023-2024,42,0,0,0,0,0,0,0,0,0,0,100,0
3399975,River View Chartered Public School,33,169 Main Street,CLAREMONT,NH,03743,33,33019,Sullivan County,43.376146,-72.346526,30150,"Lebanon-Claremont, NH-VT",2,N,N,3302,33906,33008,2023-2024,33,0,0,0,0,0,0,0,0,100,0,0,0
3399976,Benjamin Franklin Academy Chartered Public School,33,157 Chichester Road,LOUDON,NH,03307,33,33013,Merrimack County,43.270059,-71.448536,18180,"Concord, NH",2,148,"Boston-Worcester-Providence, MA-RI-NH",3302,33604,33017,2023-2024,41,0,0,0,0,0,0,0,0,0,100,0,0