State,District,Combined District,Supt. First Name,Supt. Last Name,Supt. ID,<- IDs will be added late Sept/early Oct
Connecticut,Windsor School District,Windsor School District,Noha,Abdel-Hady,,
Connecticut,Barkhamsted School District,Barkhamsted School District,James,Agostine,,
Connecticut,Integrated Day Charter School District,Integrated Day Charter School District,Debby,Allard,,
Connecticut,East Hartford School District,East Hartford School District,Thomas,Anderson,,
Connecticut,Groton School District,Groton School District,Susan,Austin,,
Connecticut,Bridgeport School District,Bridgeport School District,Royce,Avery,,
Connecticut,Hebron School District,Hebron School District,Tom,Baird,,
Connecticut,Unified School District #1,Unified School District #1,Veron,Beaulieu,,
Connecticut,Wallingford School District,Wallingford School District,Danielle,Bellizzi,,
Connecticut,Berlin School District,Berlin School District,Brian,Benigni,,
Connecticut,Meriden School District,Meriden School District,Mark,Benigni,,
Connecticut,Canterbury School District,Canterbury School District,Christopher,Bitgood,,
Connecticut,Glastonbury School District,Glastonbury School District,Alan,Bookman,,
Connecticut,Stratford School District,Stratford School District,Heather,Borges,,
Connecticut,Regional School District 01,Regional School District 01,Melony,Brady-Shanley,,
Connecticut,Plainfield School District,Plainfield School District,Paul,Brenton,,
Connecticut,Portland School District,Portland School District,Charles,Britton,,
Connecticut,Newington School District,Newington School District,Maureen,Brummett,,
Connecticut,Andover School District,Andover School District,Valerie,Bruneau,,
Connecticut,Granby School District,Granby School District,Cheri,Burke,,
Connecticut,Stonington School District,Stonington School District,Mary Anne,Butler,,
Connecticut,Regional School District 05,Regional School District 05,Jennifer,Byars,,
Connecticut,Bethany School District,Bethany School District,Kai,Byrd,,
Connecticut,Darien School District,Darien School District,Eric,Byrne,,
Connecticut,Hartland School District,Hartland School District,Imma,Canelli,,
Connecticut,Avon School District,Avon School District,Bridget,Carnemolla,,
Connecticut,Capital Preparatory Harbor School District,Capital Preparatory Harbor School District,Ayanna,Carter,,
Connecticut,South Windsor School District,South Windsor School District,Kate,Carter,,
Connecticut,Bolton School District,Bolton School District,David,Caruso,,
Connecticut,Bethel School District,Bethel School District,Christine,Carver,,
Connecticut,Danbury School District,Danbury School District,Kara,Casimiro,,
Connecticut,Norfolk School District,Norfolk School District,Kevin,Case,,
Connecticut,West Haven School District,West Haven School District,Neil,Cavallaro,,
Connecticut,Seymour School District,Seymour School District,Susan,Compton,,
Connecticut,Derby School District,Derby School District,Matthew,Conway,,
Connecticut,Madison School District,Madison School District,Craig,Cooke,,
Connecticut,Naugatuck School District,Naugatuck School District,Melissa,Cooney,,
Connecticut,Sherman School District,Sherman School District,Patricia,Cosentino,,
Connecticut,Thomaston School District,Thomaston School District,Francine,Coss,,
Connecticut,EdAdvance,EdAdvance,Jonathan,Costa,,
Connecticut,Regional School District 19,Regional School District 19,Sharon,Cournoyer,,
Connecticut,New Fairfield School District,New Fairfield School District,Kenneth,Craw,,
Connecticut,Connecticut Technical Education and Career System,Connecticut Technical Education and Career System,Michael,Crocco,,
Connecticut,Pomfret School District,Pomfret School District,Michael,Cummings,,
Connecticut,Simsbury School District,Simsbury School District,Matthew,Curtis,,
Connecticut,Milford School District,Milford School District,Anna,Cutaia,,
Connecticut,Achievement First Bridgeport Academy District,Achievement First Bridgeport Academy District,Amy,D’Angelo,,
Connecticut,Ridgefield School District,Ridgefield School District,Susie,Da Silva,,
Connecticut,Area Cooperative Educational Services,Area Cooperative Educational Services,Thomas,Danehy,,
Connecticut,Odyssey Community School District,Odyssey Community School District,Sally,Dastoli,,
Connecticut,Highville Charter School District,Highville Charter School District,Che,Dawson,,
Connecticut,East Haddam School District,East Haddam School District,Teresa,Debrito,,
Connecticut,Ansonia School District,Ansonia School District,Joseph,DiBacco,,
Connecticut,Capitol Region Education Council,Capitol Region Education Council,Sasha,Douglas,,
Connecticut,Old Saybrook School District,Old Saybrook School District,Chris,Drezek,,
Connecticut,Cooperative Educational Services,Cooperative Educational Services,Charles,Dumais,,
Connecticut,Suffield School District,Suffield School District,Matthew,Dunbar,,
Connecticut,The Bridge Academy District,The Bridge Academy District,Tyrone,Elliott,,
Connecticut,Learn,Learn,Kate,Ericson,,
Connecticut,Norwalk School District,Norwalk School District,Alexandra,Estrella,,
Connecticut,Plymouth School District,Plymouth School District,Brian,Falcone,,
Connecticut,Voluntown School District,Voluntown School District,Scott,Feder,,
Connecticut,Watertown School District,Watertown School District,Lisa,"Fekete,",,
Connecticut,Stamford Charter School for Excellence District,Stamford Charter School for Excellence District,Kevin,Fischer,,
Connecticut,Unified School District #2,Unified School District #2,Matt,Folan,,
Connecticut,Ashford School District,Ashford School District,Cynthia,Ford,,
Connecticut,Weston School District,Weston School District,Erica,Forti,,
Connecticut,Guilford School District,Guilford School District,Paul,Freeman,,
Connecticut,Sterling School District,Sterling School District,Theodore,Friend,,
Connecticut,Somers School District,Somers School District,Sam,Galloway,,
Connecticut,New Britain School District,New Britain School District,Tony,Gasper,,
Connecticut,Manchester School District,Manchester School District,Matt,Geary,,
Connecticut,Waterford School District,Waterford School District,Thomas,Giard,,
Connecticut,Colebrook School District,Colebrook School District,Robert,Gilbert,,
Connecticut,Windham School District,Windham School District,Iris,Gomero,,
Connecticut,Lebanon School District,Lebanon School District,Andrew,Gonzalez,,
Connecticut,Franklin School District,Franklin School District,Denise,Grant,,
Connecticut,Farmington School District,Farmington School District,Kathleen,Greider,,
Connecticut,Canton School District,Canton School District,Jordan,Grossman,,
Connecticut,Marlborough School District,Marlborough School District,Holly,Hageman,,
Connecticut,Ledyard School District,Ledyard School District,Jason,Hartling,,
Connecticut,Salem School District,Salem School District,Brian,Hendrickson,,
Connecticut,Hamden School District,Hamden School District,Gary,Highsmith,,
Connecticut,North Stonington School District,North Stonington School District,Troy,Hopkins,,
Connecticut,Sprague School District,Sprague School District,William,Hull,,
Connecticut,Union School District,Union School District,Steven,Jackopsic,,
Connecticut,Explorations District,Explorations District,Serena,Johnson,,
Connecticut,Elm City College Preparatory School District,Elm City College Preparatory School District,Jill,Johnson,,
Connecticut,Greenwich School District,Greenwich School District,Toni,Jones,,
Connecticut,Lisbon School District,Lisbon School District,Sally,Keating,,
Connecticut,Monroe School District,Monroe School District,Joseph,Kobza,,
Connecticut,Eastford School District,Eastford School District,Donna,Leake,,
Connecticut,Regional School District 13,Regional School District 13,Sydney,Leggett,,
Connecticut,Regional School District 07,Regional School District 07,Steven,LePage,,
Connecticut,Norwich School District,Norwich School District,Susan,Lessard,,
Connecticut,Winchester School District,Winchester School District,Julie,Luby,,
Connecticut,Stamford School District,Stamford School District,Tamu,Lucero,,
Connecticut,New Canaan School District,New Canaan School District,Bryan,Luizzi,,
Connecticut,Vernon School District,Vernon School District,Joseph,Macary,,
Connecticut,Cromwell School District,Cromwell School District,Enza,Macri,,
Connecticut,Southington School District,Southington School District,Steven,Madancy,,
Connecticut,Oxford School District,Oxford School District,Ralph,Marino,,
Connecticut,Westbrook School District,Westbrook School District,Kristina,Martineau,,
Connecticut,Griswold School District,Griswold School District,Sean,McKenna,,
Connecticut,Regional School District 09,Regional School District 09,Jason,McKinnon,,
Connecticut,Regional School District 08,Regional School District 08,Colin,McNamara,,
Connecticut,Goodwin University Educational Services (GUES),Goodwin University Educational Services (GUES),Salvatore,Menzo,,
Connecticut,Enfield School District,Enfield School District,Steven,Moccio,,
Connecticut,Jumoke Academy District,Jumoke Academy District,Troy,Monroe,,
Connecticut,Woodbridge School District,Woodbridge School District,Christopher,Montini,,
Connecticut,Mansfield School District,Mansfield School District,Candace,Morell,,
Connecticut,Regional School District 14,Regional School District 14,Brian,Murphy,,
Connecticut,Brookfield School District,Brookfield School District,Rich,Napoli,,
Connecticut,Killingly School District,Killingly School District,Susan,Nash-Ditzel,,
Connecticut,New Haven School District,New Haven School District,Madeline,Negrón,,
Connecticut,Regional School District 18,Regional School District 18,Ian,Neviaser,,
Connecticut,East Lyme School District,East Lyme School District,Jeffrey,Newton,,
Connecticut,Ellington School District,Ellington School District,Scott,Nicol,,
Connecticut,Side By Side Charter School District,Side By Side Charter School District,Matthew,Nittoly,,
Connecticut,Clinton School District,Clinton School District,Maryann,O'Donnell,,
Connecticut,East Granby School District,East Granby School District,Suzanne,Palmieri,,
Connecticut,Windsor Locks School District,Windsor Locks School District,Shawn,Parkhurst,,
Connecticut,New Milford School District,New Milford School District,Janet,Parlato,,
Connecticut,Coventry School District,Coventry School District,David,Petrone,,
Connecticut,Eastern Connecticut Regional Educational Service Center (EASTCONN),Eastern Connecticut Regional Educational Service Center (EASTCONN),Eric,Protulis,,
Connecticut,Park City Prep Charter School District,Park City Prep Charter School District,Bruce,Ravage,,
Connecticut,Brooklyn School District,Brooklyn School District,Michellele,Raynor,,
Connecticut,Plainville School District,Plainville School District,Brian,Reas,,
Connecticut,Putnam School District,Putnam School District,Steven,Rioux,,
Connecticut,New London School District,New London School District,Cynthia,Ritchie,,
Connecticut,Woodstock School District,Woodstock School District,Christopher,Roche,,
Connecticut,Brass City Charter School District,Brass City Charter School District,Barbara,Ruggiero,,
Connecticut,Shelton School District,Shelton School District,Kenneth,Saranich,,
Connecticut,Great Oaks Charter School District,Great Oaks Charter School District,John,Scalice,,
Connecticut,Westport School District,Westport School District,Thomas,Scarice,,
Connecticut,Orange School District,Orange School District,Vince,Scarpetti,,
Connecticut,Regional School District 12,Regional School District 12,Donald,Schels,,
Connecticut,North Branford School District,North Branford School District,Scott,Schoonmaker,,
Connecticut,Waterbury School District,Waterbury School District,Darren,Schwartz,,
Connecticut,Preston School District,Preston School District,Roy,Seitsinger,,
Connecticut,Trumbull School District,Trumbull School District,Martin,Semmel,,
Connecticut,Wolcott School District,Wolcott School District,Shawn,Simpson,,
Connecticut,Regional School District 11,Regional School District 11,Andrew,Skarzynski,,
Connecticut,Regional School District 15,Regional School District 15,Melinda,Smith,,
Connecticut,Wilton School District,Wilton School District,Kevin,Smith,,
Connecticut,Thompson School District,Thompson School District,Joshua,Smith,,
Connecticut,Regional School District 17,Regional School District 17,Paul,Smith,,
Connecticut,Cheshire School District,Cheshire School District,Jeffrey,Solan,,
Connecticut,New Hartford School District,New Hartford School District,Jeffrey,Sousa,,
Connecticut,Interdistrict School for Arts and Comm District,Interdistrict School for Arts and Comm District,Nicholas,Spera,,
Connecticut,Willington School District,Willington School District,Phil,Stevens,,
Connecticut,North Haven School District,North Haven School District,Patrick,Stirk,,
Connecticut,Stafford School District,Stafford School District,Scott,Sugarman,,
Connecticut,Colchester School District,Colchester School District,Daniel,Sullivan,,
Connecticut,New Beginnings Inc Family Academy District,New Beginnings Inc Family Academy District,Ronelle,Swagerty,,
Connecticut,East Haven School District,East Haven School District,Adam,Swinney,,
Connecticut,Booker T. Washington Academy District,Booker T. Washington Academy District,John,Taylor,,
Connecticut,Fairfield School District,Fairfield School District,Michael,Testani,,
Connecticut,Regional School District 10,Regional School District 10,Fran,Thompson,,
Connecticut,Hartford School District,Hartford School District,Andraé,Townsel,,
Connecticut,Branford School District,Branford School District,Christopher,Tranberg,,
Connecticut,East Windsor School District,East Windsor School District,Patrick,Tudryn,,
Connecticut,Newtown School District,Newtown School District,Anne,Uberti,,
Connecticut,East Hampton School District,East Hampton School District,Timothy,Van Tasel,,
Connecticut,Middletown School District,Middletown School District,Alberto,Vazquez Matos,,
Connecticut,West Hartford School District,West Hartford School District,Paul,Vicinus,,
Connecticut,Regional School District 20,Regional School District 20,Jeffrey,Villar,,
Connecticut,Montville School District,Montville School District,Diane,Vumback,,
Connecticut,Common Ground High School District,Common Ground High School District,Genevive,Walker,,
Connecticut,Elm City Montessori School District,Elm City Montessori School District,Julia,Webb,,
Connecticut,Regional School District 04,Regional School District 04,Iris,White,,
Connecticut,Bristol School District,Bristol School District,Brian,White,,
Connecticut,Wethersfield School District,Wethersfield School District,Jeffrey,Wihbey,,
Connecticut,Tolland School District,Tolland School District,Walter,Willett,,
Connecticut,Columbia School District,Columbia School District,Barbara,Wilson,,
Connecticut,Torrington School District,Torrington School District,Michael,Wilson,,
Connecticut,Regional School District 16,Regional School District 16,Michael,Yamin,,
Connecticut,Bloomfield School District,Bloomfield School District,Tracy,Youngberg,,
Connecticut,Bozrah School District,Bozrah School District,Jack,Zamary,,
Connecticut,Rocky Hill School District,Rocky Hill School District,Mark,Zito,,
Maine,Wayfinder Schools,Wayfinder Schools,Jacob,Abbott,,
Maine,RSU 73,RSU 73,Scott,Albert,,
Maine,RSU 10,RSU 10,Deborah,Alden,,
Maine,RSU 40/MSAD 40,RSU 40/MSAD 40,Thomas,Ambrose,,
Maine,RSU 02,RSU 02,Richard,Amero,,
Maine,Wiscasset Public Schools,Wiscasset Public Schools,Kimberly,Anderson,,
Maine,Maine Academy of Natural Sciences,Maine Academy of Natural Sciences,Ryan,Anthony,,
Maine,Monhegan Plt School Dept,Monhegan Plt School Dept,Tonya,Arnold,,
Maine,RSU 31/MSAD 31,RSU 31/MSAD 31,Matthew,Arsenault,,
Maine,Arthur R. Gould Sch LCYDC,Arthur R. Gould Sch LCYDC,Peter,Badalament,,
Maine,RSU 60/MSAD 60,RSU 60/MSAD 60,Audra,Beauvais,,
Maine,East Range CSD,East Range CSD,Amanda,Belanger,,
Maine,Ellsworth Public Schools,Ellsworth Public Schools,Amy,Boles,,
Maine,RSU 30/MSAD 30,RSU 30/MSAD 30,William,Braun,,
Maine,Islesboro Public Schools,Islesboro Public Schools,Cornelia,Brown,,
Maine,Maine Virtual Academy,Maine Virtual Academy,Melinda,Browne,,
Maine,Acadia Academy,Acadia Academy,Heather,Bucklin,,
Maine,RSU 78,RSU 78,Georgia,Campbell,,
Maine,RSU 74/MSAD 74,RSU 74/MSAD 74,Mark,Campbell,,
Maine,Lincolnville Public Schools,Lincolnville Public Schools,Shawn,Carlson,,
Maine,Cutler Public Schools,Cutler Public Schools,Nicole,Case,,
Maine,RSU 35/MSAD 35,RSU 35/MSAD 35,John,Caverly,,
Maine,RSU 38,RSU 38,James,Charette,,
Maine,Milford Public Schools,Milford Public Schools,Patricia,Clark,,
Maine,Education in Unorganized Terr,Education in Unorganized Terr,Richard,Colpitts,,
Maine,RSU 58/MSAD 58,RSU 58/MSAD 58,Laura,Columbia,,
Maine,Andover Public Schools,Andover Public Schools,Leanne,Condon,,
Maine,ME Sch of Science & Mathematics,ME Sch of Science & Mathematics,Robert,Constantine,,
Maine,RSU 21,RSU 21,Terri,Cooper,,
Maine,Fiddlehead School of Arts and Sciences,Fiddlehead School of Arts and Sciences,Jacinda,Cotton-Castro,,
Maine,RSU 34,RSU 34,Matthew,Cyr,,
Maine,Wells-Ogunquit CSD,Wells-Ogunquit CSD,James,Daly,,
Maine,RSU 85/MSAD 19,RSU 85/MSAD 19,Mary,Day,,
Maine,Medway Public Schools,Medway Public Schools,Alyssa,Dickinson,,
Maine,York Public Schools,York Public Schools,Timothy,Doak,,
Maine,Caswell Public Schools,Caswell Public Schools,William,Dobbins,,
Maine,Yarmouth Schools,Yarmouth Schools,Andrew,Dolloff,,
Maine,Auburn Public Schools,Auburn Public Schools,Susan,Dorris,,
Maine,Kittery Public Schools,Kittery Public Schools,JoAnne,Dowd,,
Maine,RSU 67,RSU 67,Chris,Downing,,
Maine,RSU 56,RSU 56,Pamela,Doyen,,
Maine,RSU 88/MSAD 24,RSU 88/MSAD 24,Karen,Dubois,,
Maine,RSU 24,RSU 24,Michael,Eastman,,
Maine,RSU 09,RSU 09,Christian,Elkington,,
Maine,RSU 71,RSU 71,Bob,England,,
Maine,RSU 29/MSAD 29,RSU 29/MSAD 29,Joseph,Fagnant,,
Maine,St George Public Schools,St George Public Schools,Michael,Felton,,
Maine,SAU 53,SAU 53,Jack,Finley,,
Maine,Winthrop Public Schools,Winthrop Public Schools,Becky,Foley,,
Maine,RSU 41/MSAD 41,RSU 41/MSAD 41,Darcie,Fournier,,
Maine,RSU 07/MSAD 07,RSU 07/MSAD 07,Peter,Gallace,,
Maine,RSU 42/MSAD 42,RSU 42/MSAD 42,Heidi,Garrison,,
Maine,RSU 18,RSU 18,Carl,Gartley,,
Maine,RSU 06/MSAD 06,RSU 06/MSAD 06,Clay,Gleason,,
Maine,Lisbon Public Schools,Lisbon Public Schools,Richard,Green,,
Maine,RSU 79/MSAD 01,RSU 79/MSAD 01,Benjamin,Greenlaw,,
Maine,RSU 04,RSU 04,Katherine,Aliberti,,
Maine,RSU 32/MSAD 32,RSU 32/MSAD 32,Joel,Hall,,
Maine,Waterville Public Schools,Waterville Public Schools,Peter,Hallen,,
Maine,Hancock Public Schools,Hancock Public Schools,Ellen,Halliday,,
Maine,RSU 19,RSU 19,Michael,Hammer,,
Maine,RSU 16,RSU 16,Amy,Hediger,,
Maine,RSU 49/MSAD 49,RSU 49/MSAD 49,Roberta,Hersom,,
Maine,Ecology Learning Center,Ecology Learning Center,Kayla,Higgins,,
Maine,RSU 26,RSU 26,Meredith,Higgins,,
Maine,RSU 11/MSAD 11,RSU 11/MSAD 11,Patricia,Hopkins,,
Maine,RSU 14,RSU 14,Christopher,Howell,,
Maine,East Millinocket Public Schools,East Millinocket Public Schools,Mark,Jenkins,,
Maine,RSU 37/MSAD 37,RSU 37/MSAD 37,Kenneth,Johnson,,
Maine,MSAD 46,MSAD 46,Kevin,Jordan,,
Maine,Boothbay-Boothbay Hbr CSD,Boothbay-Boothbay Hbr CSD,Robert,Kahler,,
Maine,RSU 86/MSAD 20,RSU 86/MSAD 20,John,Blais,,
Maine,RSU 08/MSAD 08,RSU 08/MSAD 08,Katrina,Kane,,
Maine,Richmond Public Schools,Richmond Public Schools,Chad,Kempton,,
Maine,RSU 44/MSAD 44,RSU 44/MSAD 44,Mark,Kenney,,
Maine,Sebago Public Schools,Sebago Public Schools,Charlotte,Goscinski,,
Maine,Maine Arts Academy,Maine Arts Academy,Mary,King,,
Maine,Baxter Academy for Technology and Science,Baxter Academy for Technology and Science,Anna,Klein-Christie,,
Maine,Westbrook Public Schools,Westbrook Public Schools,Peter,Lancia,,
Maine,RSU 55/MSAD 55,RSU 55/MSAD 55,Carl,Landry,,
Maine,RSU 89/Millinocket Public Schools,RSU 89/Millinocket Public Schools,Shelley,Lane,,
Maine,Lewiston Public Schools,Lewiston Public Schools,Jake,Langlais,,
Maine,RSU 59/MSAD 59,RSU 59/MSAD 59,Bonnie,Levesque,,
Maine,RSU 28/MSAD 28,RSU 28/MSAD 28,Maria,Libby,,
Maine,RSU 53/MSAD 53,RSU 53/MSAD 53,Sharon,Littlefield,,
Maine,Eustis Public Schools,Eustis Public Schools,Barry,London,,
Maine,Fayette Public Schools,Fayette Public Schools,Courtney,Lyons,,
Maine,RSU 83/MSAD 13,RSU 83/MSAD 13,Sandra,MacArthur,,
Maine,RSU 80/MSAD 04,RSU 80/MSAD 04,Kelly,Macfadyen,,
Maine,RSU 17/MSAD 17,RSU 17/MSAD 17,Heather,Manchester,,
Maine,RSU 01,RSU 01,Patrick,Manuel,,
Maine,RSU 57/MSAD 57,RSU 57/MSAD 57,Stephen,Marquis,,
Maine,South Portland Public Schools,South Portland Public Schools,Timothy,Matheney,,
Maine,RSU 39,RSU 39,Jane,McCall,,
Maine,RSU 13,RSU 13,John,McDonald,,
Maine,Deer Isle - Stonington CSD,Deer Isle - Stonington CSD,Tara,McKechnie,,
Maine,RSU 52/MSAD 52,RSU 52/MSAD 52,Catherine,Medd,,
Maine,Woodland Public Schools,Woodland Public Schools,Karla,Michaud,,
Maine,RSU 20,RSU 20,Laua,Miller,,
Maine,Glenburn Public Schools,Glenburn Public Schools,Richard,Modery,,
Maine,RSU 54/MSAD 54,RSU 54/MSAD 54,Jonathan,Moody,,
Maine,Scarborough Public Schools,Scarborough Public Schools,Diane,Nadeau,,
Maine,Indian Island,Indian Island,Gholamreza,Namin,,
Maine,Sanford Public Schools,Sanford Public Schools,Matthew,Nelson,,
Maine,Falmouth Public Schools,Falmouth Public Schools,Steve,Nolan,,
Maine,RSU 75/MSAD 75,RSU 75/MSAD 75,Heidi,O'Leary,,
Maine,Brewer Public Schools,Brewer Public Schools,Gregg,Palmer,,
Maine,RSU 03/MSAD 03,RSU 03/MSAD 03,Paul,Penna,,
Maine,Blue Hill Public Schools,Blue Hill Public Schools,Derek,Perkins,,
Maine,Gorham Public Schools,Gorham Public Schools,Heather,Perry,,
Maine,Bangor Region 4,Bangor Region 4,Amanda,Peterson,,
Maine,Vassalboro Public Schools,Vassalboro Public Schools,Alan,Pfeiffer,,
Maine,RSU 51/MSAD 51,RSU 51/MSAD 51,Jeff,Porter,,
Maine,RSU 50,RSU 50,Jonathan,Porter,,
Maine,Brunswick Public Schools,Brunswick Public Schools,Phillip,Potenziano,,
Maine,Otis Public Schools,Otis Public Schools,Nichole,Pothier,,
Maine,RSU 70/MSAD 70,RSU 70/MSAD 70,Tyler,Putnam,,
Maine,Biddeford Public Schools,Biddeford Public Schools,Jeremy,Ray,,
Maine,RSU 22,RSU 22,Nicholas,Raymond,,
Maine,Cape Elizabeth Public Schools,Cape Elizabeth Public Schools,Christopher,Record,,
Maine,RSU 72/MSAD 72,RSU 72/MSAD 72,Marie,Robinson,,
Maine,Bangor Public Schools,Bangor Public Schools,Jay,Robinson,,
Maine,Acton Public Schools,Acton Public Schools,Jonathan,Ross,,
Maine,Bristol Public Schools,Bristol Public Schools,Todd,Sanders,,
Maine,Hermon Public Schools,Hermon Public Schools,Barbara,Sargent,,
Maine,Portland Public Schools,Portland Public Schools,Ryan,Scallon,,
Maine,RSU 68/MSAD 68,RSU 68/MSAD 68,Stacy,Shorey,,
Maine,MSAD 27,MSAD 27,Benjamin,Sirois,,
Maine,RSU 05,RSU 05,Jean,Gray,,
Maine,RSU 61/MSAD 61,RSU 61/MSAD 61,Alan,Smith,,
Maine,Greenbush Public Schools,Greenbush Public Schools,Gwen,Smith,,
Maine,Calais Public Schools,Calais Public Schools,Mary Anne,Spearin,,
Maine,RSU 64/MSAD 64,RSU 64/MSAD 64,Rhonda,Sperrey,,
Maine,Easton Public Schools,Easton Public Schools,Mark,Stanley,,
Maine,Airline CSD,Airline CSD,James,Stoneton,,
Maine,RSU 23,RSU 23,John,Suttie,,
Maine,Moosabec CSD,Moosabec CSD,Joseph,Swain,,
Maine,Cherryfield Public Schools,Cherryfield Public Schools,Melissa,Tenney,,
Maine,Winslow Schools,Winslow Schools,Peter,Thiboutot,,
Maine,West Bath Public Schools,West Bath Public Schools,Emily,Thompson,,
Maine,Chebeague Island Public Schools,Chebeague Island Public Schools,Aaron,Townsend,,
Maine,Augusta Public Schools,Augusta Public Schools,Michael,Tracy,,
Maine,RSU 25,RSU 25,Josh,Tripp,,
Maine,RSU 15/MSAD 15,RSU 15/MSAD 15,Chanda,Turner,,
Maine,RSU 87/MSAD 23,RSU 87/MSAD 23,Mark,Turner,,
Maine,RSU 12,RSU 12,Howard,Tuttle,,
Maine,Veazie Public Schools,Veazie Public Schools,Timothy,Tweedie,,
Maine,Maine Connections Academy,Maine Connections Academy,Walter,Wallace,,
Maine,RSU 84/MSAD 14,RSU 84/MSAD 14,Margaret,Richardson,,
Maine,RSU 45/MSAD 45,RSU 45/MSAD 45,Lawrence,Worcester,,
Maine,Community Regional Charter School,Community Regional Charter School,Travis,Works,,
Maine,Mt Desert CSD,Mt Desert CSD,Michael,Zboray,,
Massachusetts,Chelsea,Chelsea,Almudena,Abeyta,,
Massachusetts,Ashland,Ashland,James,Adams,,
Massachusetts,Barnstable,Barnstable,Sara,Ahern,,
Massachusetts,Norfolk,Norfolk,Ingrid,Allardi,,
Massachusetts,Prospect Hill Academy Charter (District),Prospect Hill Academy Charter (District),Angela,Allen,,
Massachusetts,Worcester,Worcester,Brian,Allen,,
Massachusetts,Lynn,Lynn,Evonne,Alvarez,,
Massachusetts,"Phoenix Academy Charter Public High School, Chelsea (District)","Phoenix Academy Charter Public High School, Chelsea (District)",Beth,Anderson,,
Massachusetts,North Attleborough,North Attleborough,John,Antonucci,,
Massachusetts,Map Academy Charter School (District),Map Academy Charter School (District),Rachel,Babcock,,
Massachusetts,Stoughton,Stoughton,Joseph,Baeta,,
Massachusetts,Acushnet,Acushnet,Paula,Bailey,,
Massachusetts,Springfield International Charter (District),Springfield International Charter (District),Justin,Baker,,
Massachusetts,Collegiate Charter School of Lowell (District),Collegiate Charter School of Lowell (District),Adam,Bakr,,
Massachusetts,Easthampton,Easthampton,Michelle,Balch,,
Massachusetts,Boston Renaissance Charter Public (District),Boston Renaissance Charter Public (District),Alexandra,Banhares-Buckmire,,
Massachusetts,KIPP Academy Lynn Charter (District),KIPP Academy Lynn Charter (District),Rhonda,Barnes,,
Massachusetts,Pentucket,Pentucket,Justin,Bartholomew,,
Massachusetts,Danvers,Danvers,Daniel,Bauer,,
Massachusetts,Atlantis Charter (District),Atlantis Charter (District),Robert,Beatty,,
Massachusetts,Manchester Essex Regional,Manchester Essex Regional,Pamela,Beaudoin,,
Massachusetts,Greater Fall River Regional Vocational Technical,Greater Fall River Regional Vocational Technical,Brian,Bentley,,
Massachusetts,Foxborough,Foxborough,Amy,Berdos,,
Massachusetts,Mount Greylock,Mount Greylock,Joseph,Bergeron,,
Massachusetts,Melrose,Melrose,Cari,Berman,,
Massachusetts,Hopkinton,Hopkinton,Evan,Bishop,,
Massachusetts,Ipswich,Ipswich,Brian,Blake,,
Massachusetts,Central Berkshire,Central Berkshire,Michael,Henault,,
Massachusetts,West Bridgewater,West Bridgewater,Mark,Bodwell,,
Massachusetts,Northampton,Northampton,Portia,Bonner,,
Massachusetts,Westborough,Westborough,Allison,Borchers,,
Massachusetts,Sharon,Sharon,Peter,Botelho,,
Massachusetts,Tantasqua,Tantasqua,Deborah,Boyd,,
Massachusetts,Rockport,Rockport,Mark,Branco,,
Massachusetts,Wilmington,Wilmington,Glenn,Brand,,
Massachusetts,Marblehead Community Charter Public (District),Marblehead Community Charter Public (District),Stephanie,Brant,,
Massachusetts,Southern Worcester County Regional Vocational School District,Southern Worcester County Regional Vocational School District,Kyle,Brenner,,
Massachusetts,Benjamin Banneker Charter Public (District),Benjamin Banneker Charter Public (District),Sherley,Bretous,,
Massachusetts,Neighborhood House Charter (District),Neighborhood House Charter (District),Edverette,Brewster,,
Massachusetts,Northern Berkshire Regional Vocational Technical,Northern Berkshire Regional Vocational Technical,James,Brosnan,,
Massachusetts,Montachusett Regional Vocational Technical,Montachusett Regional Vocational Technical,Thomas,Browne,,
Massachusetts,Groton-Dunstable,Groton-Dunstable,Geoffrey,Bruno,,
Massachusetts,Scituate,Scituate,William,Burkhead,,
Massachusetts,Taunton,Taunton,John,Cabral,,
Massachusetts,Easton,Easton,Lisha,Cabral,,
Massachusetts,Swampscott,Swampscott,Jason,Calichman,,
Massachusetts,Salem Academy Charter (District),Salem Academy Charter (District),Stephanie,Callahan,,
Massachusetts,Belchertown,Belchertown,Brian,Cameron,,
Massachusetts,Wrentham,Wrentham,Allan,Cameron,,
Massachusetts,Plymouth,Plymouth,Christopher,Campbell,,
Massachusetts,Somerville,Somerville,Ruben,Carmona,,
Massachusetts,Monomoy Regional School District,Monomoy Regional School District,Scott,Carpenter,,
Massachusetts,Lawrence,Lawrence,Ralph,Carrero,,
Massachusetts,Narragansett,Narragansett,Christopher,Casavant,,
Massachusetts,Auburn,Auburn,Elizabeth,Chamberland,,
Massachusetts,Community Day Charter Public School (District),Community Day Charter Public School (District),Mary,Chance,,
Massachusetts,Westford,Westford,Christopher,Chew,,
Massachusetts,Richmond,Richmond,Beth,Choquette,,
Massachusetts,Bedford,Bedford,Cliff,Chuang,,
Massachusetts,Codman Academy Charter Public (District),Codman Academy Charter Public (District),Derrick,Ciesla,,
Massachusetts,Brooke Charter School (District),Brooke Charter School (District),Jon,Clark,,
Massachusetts,Nauset,Nauset,Brooke,Clenchy,,
Massachusetts,Littleton,Littleton,Kelly,Clenchy,,
Massachusetts,Billerica,Billerica,Kerry,Clery,,
Massachusetts,Mendon-Upton,Mendon-Upton,Maureen,Cohen,,
Massachusetts,Lenox,Lenox,William,Collins,,
Massachusetts,Mashpee,Mashpee,Michele,Conners,,
Massachusetts,Burlington,Burlington,Eric,Conti,,
Massachusetts,Bristol County Agricultural,Bristol County Agricultural,Derek,Costa,,
Massachusetts,Truro,Truro,Stephanie,Costigan,,
Massachusetts,Hopedale,Hopedale,Karen,Crebase,,
Massachusetts,Rockland,Rockland,Alan,Cron,,
Massachusetts,Woburn,Woburn,Matthew,Crowley,,
Massachusetts,Sudbury,Sudbury,Brad,Crozier,,
Massachusetts,Grafton,Grafton,James,Cummings,,
Massachusetts,Fall River,Fall River,Tracy,Curley,,
Massachusetts,Weymouth,Weymouth,Melanie,Curtin,,
Massachusetts,Pittsfield,Pittsfield,Joseph,Curtis,,
Massachusetts,Beverly,Beverly,Peter,Cushing,,
Massachusetts,Westfield,Westfield,Stefan,Czaporowski,,
Massachusetts,Wareham,Wareham,Matthew,D'Andrea,,
Massachusetts,North Reading,North Reading,Patrick,Daly,,
Massachusetts,Mystic Valley Regional Charter (District),Mystic Valley Regional Charter (District),Alex,Dan,,
Massachusetts,Greater Lowell Regional Vocational Technical,Greater Lowell Regional Vocational Technical,Jill,Davis,,
Massachusetts,Hoosac Valley Regional,Hoosac Valley Regional,Aaron,Dean,,
Massachusetts,Stoneham,Stoneham,Kristin,DeFrancisco,,
Massachusetts,Leominster,Leominster,Robin,Desmond,,
Massachusetts,Worcester Cultural Academy Charter Public School (District),Worcester Cultural Academy Charter Public School (District),Lisa,DeTora,,
Massachusetts,Northeast Metropolitan Regional Vocational Technical,Northeast Metropolitan Regional Vocational Technical,David,DiBarri,,
Massachusetts,Berkshire Hills,Berkshire Hills,Peter,Dillon,,
Massachusetts,Springfield,Springfield,Sonia,Dinnall,,
Massachusetts,Nashoba,Nashoba,Kirk,Downing,,
Massachusetts,Hatfield,Hatfield,Conor,Driscoll,,
Massachusetts,Minuteman Regional Vocational Technical,Minuteman Regional Vocational Technical,Heidi,Driscoll,,
Massachusetts,King Philip,King Philip,Rich,Drolet,,
Massachusetts,Pathfinder Regional Vocational Technical,Pathfinder Regional Vocational Technical,Eric,Duda,,
Massachusetts,Falmouth,Falmouth,Lori,Duerr,,
Massachusetts,Quaboag Regional,Quaboag Regional,Stephen,Duff,,
Massachusetts,Harvard,Harvard,Linda,Dwight,,
Massachusetts,Uxbridge,Uxbridge,Karen,Dwyer,,
Massachusetts,Berkley,Berkley,Melissa,Eakins-Ryan,,
Massachusetts,Athol-Royalston,Athol-Royalston,Matthew,Ehrenworth,,
Massachusetts,South Middlesex Regional Vocational Technical,South Middlesex Regional Vocational Technical,Jonathan,Evans,,
Massachusetts,Georgetown,Georgetown,Margaret,Ferrick,,
Massachusetts,Hanover,Hanover,Matthew,Ferron,,
Massachusetts,Blackstone Valley Regional Vocational Technical,Blackstone Valley Regional Vocational Technical,Michael,Fitzpatrick,,
Massachusetts,Learning First Charter Public School (District),Learning First Charter Public School (District),Leo,Flanagan,,
Massachusetts,Tyngsborough,Tyngsborough,Michael,Flanagan,,
Massachusetts,Wayland,Wayland,David,Fleishman,,
Massachusetts,Canton,Canton,Derek,Folan,,
Massachusetts,Triton,Triton,Brian,Forget,,
Massachusetts,Upper Cape Cod Regional Vocational Technical,Upper Cape Cod Regional Vocational Technical,Roger,Forget,,
Massachusetts,Lunenburg,Lunenburg,Jodi,Fortuna,,
Massachusetts,Monson,Monson,Paul,Foster,,
Massachusetts,Palmer,Palmer,Matthew,Francis,,
Massachusetts,Savoy,Savoy,John,Franzoni,,
Massachusetts,Gosnold,Gosnold,Margaret,Frieswyk,,
Massachusetts,Global Learning Charter Public (District),Global Learning Charter Public (District),Stephen,Furtado,,
Massachusetts,Watertown,Watertown,Deanne,Galdston,,
Massachusetts,Newburyport,Newburyport,Sean,Gallagher,,
Massachusetts,Medford,Medford,Suzanne,Galusi,,
Massachusetts,Berlin-Boylston,Berlin-Boylston,Albert,Ganem,,
Massachusetts,Lynnfield,Lynnfield,Thomas,Geary,,
Massachusetts,Belmont,Belmont,Jill,Geiser,,
Massachusetts,Franklin,Franklin,Lucas,Giguere,,
Massachusetts,Winchendon,Winchendon,Marc,King,,
Massachusetts,Walpole,Walpole,Bridget,Gough,,
Massachusetts,Academy Of the Pacific Rim Charter Public (District),Academy Of the Pacific Rim Charter Public (District),Farida,Graham,,
Massachusetts,Lincoln,Lincoln,Parry,Graham,,
Massachusetts,Christa McAuliffe Charter School (District),Christa McAuliffe Charter School (District),Noel,Green,,
Massachusetts,Norfolk County Agricultural,Norfolk County Agricultural,Jeremy,Guay,,
Massachusetts,Needham,Needham,Daniel,Gutekanst,,
Massachusetts,Bridge Boston Charter School (District),Bridge Boston Charter School (District),Orin,Gutlerner,,
Massachusetts,Maynard,Maynard,Brian,Haas,,
Massachusetts,Winchester,Winchester,Frank,Hackett,,
Massachusetts,Lexington,Lexington,Julie,Hackett,,
Massachusetts,Nantucket,Nantucket,Elizabeth,Hallett,,
Massachusetts,Holbrook,Holbrook,Julie,Hamilton,,
Massachusetts,Francis W. Parker Charter Essential (District),Francis W. Parker Charter Essential (District),Brian,Harrigan,,
Massachusetts,Everett,Everett,William,Hart,,
Massachusetts,Masconomet,Masconomet,Michael,Harvey,,
Massachusetts,Saugus,Saugus,Michael,Hashem,,
Massachusetts,Spencer-E Brookfield,Spencer-E Brookfield,Paul,Haughey,,
Massachusetts,Dudley Street Neighborhood Charter School (District),Dudley Street Neighborhood Charter School (District),Elijah,Heckstall,,
Massachusetts,Amherst-Pelham,Amherst-Pelham,E. Xiomara,Herman,,
Massachusetts,South Shore Regional Vocational Technical,South Shore Regional Vocational Technical,Thomas,Hickey,,
Massachusetts,Agawam,Agawam,Sheila,Hoffman,,
Massachusetts,Swansea,Swansea,Scott,Holcomb,,
Massachusetts,Boston Green Academy Horace Mann Charter School (District),Boston Green Academy Horace Mann Charter School (District),Matthew,Holzer,,
Massachusetts,Arlington,Arlington,Elizabeth,Homan,,
Massachusetts,Assabet Valley Regional Vocational Technical,Assabet Valley Regional Vocational Technical,Ernest,Houle,,
Massachusetts,Winthrop,Winthrop,Lisa,Howard,,
Massachusetts,Boston Day and Evening Academy Charter (District),Boston Day and Evening Academy Charter (District),Alison,Hramiec,,
Massachusetts,Concord-Carlisle,Concord-Carlisle,Laurie,Hunter,,
Massachusetts,Pioneer Charter School of Science (District),Pioneer Charter School of Science (District),Barish,Icin,,
Massachusetts,Berkshire Arts and Technology Charter Public (District),Berkshire Arts and Technology Charter Public (District),Jonathan,Igoe,,
Massachusetts,Hull,Hull,Michael,Jette,,
Massachusetts,Avon,Avon,Lori,Jodoin,,
Massachusetts,Greenfield,Greenfield,Roland,Joyal,,
Massachusetts,Norwell,Norwell,Matthew,Keegan,,
Massachusetts,Revere,Revere,Dianne,Kelly,,
Massachusetts,Greater Commonwealth Virtual District,Greater Commonwealth Virtual District,Salah,Khelfaoui,,
Massachusetts,Seekonk,Seekonk,Rebecca,Kidwell,,
Massachusetts,Pioneer Valley,Pioneer Valley,Patricia,Kinsella,,
Massachusetts,Duxbury,Duxbury,Danielle,Klingaman,,
Massachusetts,Carver,Carver,Scott,Knief,,
Massachusetts,Fairhaven,Fairhaven,Tara,Kohler,,
Massachusetts,River Valley Charter (District),River Valley Charter (District),Karen,Kuse,,
Massachusetts,Hilltown Cooperative Charter Public (District),Hilltown Cooperative Charter Public (District),Chris,Kusek,,
Massachusetts,Leicester,Leicester,Brett,Kustigian,,
Massachusetts,Holliston,Holliston,Susan,Kustka,,
Massachusetts,Methuen,Methuen,Brandi,Kwong,,
Massachusetts,Dudley-Charlton Reg,Dudley-Charlton Reg,Steven,Lamarche,,
Massachusetts,Chelmsford,Chelmsford,Roger,Lang,,
Massachusetts,North Andover,North Andover,Pamela,Lathrop,,
Massachusetts,TEC Connections Academy Commonwealth Virtual School District,TEC Connections Academy Commonwealth Virtual School District,Patrick,Lattuca,,
Massachusetts,Greater Lawrence Regional Vocational Technical,Greater Lawrence Regional Vocational Technical,John,Lavoie,,
Massachusetts,Warwick,Warwick,Carole,Learned-Miller,,
Massachusetts,Farmington River Reg,Farmington River Reg,Tim,Lee,,
Massachusetts,East Bridgewater,East Bridgewater,Elizabeth,Legault,,
Massachusetts,Lowell Community Charter Public (District),Lowell Community Charter Public (District),Nicholas,Leonardos,,
Massachusetts,Nahant,Nahant,Robert,Liebow,,
Massachusetts,Acton-Boxborough,Acton-Boxborough,Peter,Light,,
Massachusetts,Northampton-Smith Vocational Agricultural,Northampton-Smith Vocational Agricultural,Andrew,Linkenhoker,,
Massachusetts,Oxford,Oxford,Michael,Lucas,,
Massachusetts,Norwood,Norwood,Timothy,Luff,,
Massachusetts,Gloucester,Gloucester,Benjamin,Lummis,,
Massachusetts,Wellesley,Wellesley,David,Lussier,,
Massachusetts,Whittier Regional Vocational Technical,Whittier Regional Vocational Technical,Maureen,Lynch,,
Massachusetts,Middleborough,Middleborough,Carolyn,Lyons,,
Massachusetts,Wakefield,Wakefield,Douglas,Lyons,,
Massachusetts,Braintree,Braintree,Tim,MacDonald,,
Massachusetts,Conservatory Lab Charter (District),Conservatory Lab Charter (District),Nicole,Mack,,
Massachusetts,Bristol-Plymouth Regional Vocational Technical,Bristol-Plymouth Regional Vocational Technical,Alexandre,Magalhaes,,
Massachusetts,Tri-County Regional Vocational Technical,Tri-County Regional Vocational Technical,Karen,Maguire,,
Massachusetts,North Adams,North Adams,Barbara,Malkas,,
Massachusetts,Four Rivers Charter Public (District),Four Rivers Charter Public (District),Jenni,Manfredi,,
Massachusetts,Bellingham,Bellingham,Peter,Marano,,
Massachusetts,Sturgis Charter Public (District),Sturgis Charter Public (District),Paul,Marble,,
Massachusetts,Haverhill,Haverhill,Margaret,Marotta,,
Massachusetts,Medfield,Medfield,Jeffrey,Marsden,,
Massachusetts,Franklin County Regional Vocational Technical,Franklin County Regional Vocational Technical,Richard,Martin,,
Massachusetts,Northboro-Southboro,Northboro-Southboro,Gregory,Martineau,,
Massachusetts,Sandwich,Sandwich,Joseph,Maruszczak,,
Massachusetts,Gateway,Gateway,Melissa,Matarazzo,,
Massachusetts,Amesbury,Amesbury,Elizabeth,McAndrews,,
Massachusetts,Lowell Middlesex Academy Charter (District),Lowell Middlesex Academy Charter (District),Sean,McCarthy,,
Massachusetts,Ma Academy for Math and Science,Ma Academy for Math and Science,Ted,McCarthy,,
Massachusetts,Southeastern Regional Vocational Technical,Southeastern Regional Vocational Technical,Holly,McClanan,,
Massachusetts,North Brookfield,North Brookfield,Timothy,McCormick,,
Massachusetts,Dover/Dover-Sherborne/Sherborne,Dover/Dover-Sherborne/Sherborne,Elizabeth,McCoy,,
Massachusetts,Shawsheen Valley Regional Vocational Technical,Shawsheen Valley Regional Vocational Technical,Anthony,Mcintosh,,
Massachusetts,Hadley,Hadley,Anne,McKenzie,,
Massachusetts,Mansfield,Mansfield,Michelle,McKeon,,
Massachusetts,Northbridge,Northbridge,Amy,McKinstry,,
Massachusetts,Waltham,Waltham,Marisa,Mendonsa,,
Massachusetts,Southbridge,Southbridge,William,Metzger,,
Massachusetts,Clinton,Clinton,Steven,Meyer,,
Massachusetts,Milford,Milford,Christi,Consigli,,
Massachusetts,Reading,Reading,Thomas,Milaschewski,,
Massachusetts,Advanced Math and Science Academy Charter (District),Advanced Math and Science Academy Charter (District),Lisa,Mobley,,
Massachusetts,Frontier,Frontier,Darius,Modestow,,
Massachusetts,Libertas Academy Charter School (District),Libertas Academy Charter School (District),Modesto,Montero,,
Massachusetts,North Middlesex,North Middlesex,Brad,Morgan,,
Massachusetts,Topsfield,Topsfield,Scott,Morrison,,
Massachusetts,Worthington,Worthington,Gretchen,Morse-Dobosz,,
Massachusetts,Abington,Abington,Felicia,Moschella,,
Massachusetts,Quabbin,Quabbin,Colleen,Mucha,,
Massachusetts,Millis,Millis,Robert,Mullaney,,
Massachusetts,Quincy,Quincy,Kevin,Mulvey,,
Massachusetts,Cambridge,Cambridge,David,Murphy,,
Massachusetts,Marlborough,Marlborough,Mary,Murphy,,
Massachusetts,Dedham,Dedham,Nan,Murphy,,
Massachusetts,Millbury,Millbury,Gregory,Myers,,
Massachusetts,Old Rochester,Old Rochester,Michael,Nelson,,
Massachusetts,Pioneer Valley Performing Arts Charter Public (District),Pioneer Valley Performing Arts Charter Public (District),Brent,Nielsen,,
Massachusetts,Newton,Newton,Anna,Nolin,,
Massachusetts,Community Charter School of Cambridge (District),Community Charter School of Cambridge (District),Rebecca,Norris,,
Massachusetts,Rising Tide Charter Public (District),Rising Tide Charter Public (District),Michael,O'Keefe,,
Massachusetts,New Bedford,New Bedford,Andrew,O'Leary,,
Massachusetts,Norton,Norton,Jennifer,O'Neill,,
Massachusetts,Carlisle,Carlisle,James,O'Shea,,
Massachusetts,Longmeadow,Longmeadow,Maurice,O'shea,,
Massachusetts,Pembroke,Pembroke,Erin,Obey,,
Massachusetts,Boston Collegiate Charter (District),Boston Collegiate Charter (District),Jenna,Ogundipe,,
Massachusetts,Innovation Academy Charter (District),Innovation Academy Charter (District),Gregory,Orpen,,
Massachusetts,Sutton,Sutton,Caitlin,Paget,,
Massachusetts,Abby Kelley Foster Charter Public (District),Abby Kelley Foster Charter Public (District),Heidi,Paluk,,
Massachusetts,Sizer School: A North Central Charter Essential (District),Sizer School: A North Central Charter Essential (District),Michelle,Paranto,,
Massachusetts,Plainville,Plainville,Jennifer,Parson,,
Massachusetts,Cape Cod Lighthouse Charter (District),Cape Cod Lighthouse Charter (District),Ben,Parsons,,
Massachusetts,Andover,Andover,Magda,Parvey,,
Massachusetts,Argosy Collegiate Charter School (District),Argosy Collegiate Charter School (District),Kristen,Pavao,,
Massachusetts,Old Sturbridge Academy Charter Public School (District),Old Sturbridge Academy Charter Public School (District),Daniel,Pear,,
Massachusetts,Gardner,Gardner,Mark,Pellegrino,,
Massachusetts,Hampshire,Hampshire,Vito,Perrone,,
Massachusetts,Milton,Milton,John,Phelan,,
Massachusetts,Hancock,Hancock,Rebecca,Phillips,,
Massachusetts,Webster,Webster,Monique,Pierangeli,,
Massachusetts,Nashoba Valley Regional Vocational Technical,Nashoba Valley Regional Vocational Technical,Denise,Pigeon,,
Massachusetts,Blackstone-Millville,Blackstone-Millville,Jill,Pilla-Gallerani,,
Massachusetts,Medway,Medway,Armand,Pires,,
Massachusetts,Westwood,Westwood,Timothy,Piwowar,,
Massachusetts,Old Colony Regional Vocational Technical,Old Colony Regional Vocational Technical,Aaron,Polansky,,
Massachusetts,Holyoke Community Charter (District),Holyoke Community Charter (District),Sonia,Pope,,
Massachusetts,UP Academy Charter School of Dorchester (District),UP Academy Charter School of Dorchester (District),Michaela,Power,,
Massachusetts,Bridgewater-Raynham,Bridgewater-Raynham,Ryan,Powers,,
Massachusetts,Silver Lake,Silver Lake,Jill,Proulx,,
Massachusetts,Hampden-Wilbraham,Hampden-Wilbraham,John,Provost,,
Massachusetts,Bourne,Bourne,Kerri,Quinlan-Zhou,,
Massachusetts,West Springfield,West Springfield,Stefania,Raschilla,,
Massachusetts,Hudson,Hudson,Brian,Reagan,,
Massachusetts,Tewksbury,Tewksbury,Brenda,Regan,,
Massachusetts,Wachusett,Wachusett,James,Reilly,,
Massachusetts,Ayer Shirley School District,Ayer Shirley School District,Adam,Renda,,
Massachusetts,Southern Berkshire,Southern Berkshire,Brian,Ricca,,
Massachusetts,Essex North Shore Agricultural and Technical School District,Essex North Shore Agricultural and Technical School District,Heidi,Riccio,,
Massachusetts,Lee,Lee,Michael,Richard,,
Massachusetts,Granby,Granby,Mary Jane,Rickson,,
Massachusetts,West Boylston,West Boylston,Dan,Riley,,
Massachusetts,Hingham,Hingham,Kathryn,Roberts,,
Massachusetts,Marblehead,Marblehead,John,Robidoux,,
Massachusetts,Veritas Preparatory Charter School (District),Veritas Preparatory Charter School (District),Rachel,Romano,,
Massachusetts,Foxborough Regional Charter (District),Foxborough Regional Charter (District),Toby,Romer,,
Massachusetts,Blue Hills Regional Vocational Technical,Blue Hills Regional Vocational Technical,Jill,Rossetti,,
Massachusetts,Westport,Westport,Fran,Roy,,
Massachusetts,Dighton-Rehoboth,Dighton-Rehoboth,Bill,Runey,,
Massachusetts,Dartmouth,Dartmouth,June,Saba-maguire,,
Massachusetts,"Martin Luther King, Jr. Charter School of Excellence (District)","Martin Luther King, Jr. Charter School of Excellence (District)",Kendra,Salvador,,
Massachusetts,Cape Cod Regional Vocational Technical,Cape Cod Regional Vocational Technical,Robert,Sanborn,,
Massachusetts,Boston Preparatory Charter Public (District),Boston Preparatory Charter Public (District),Meekerley,Sanon,,
Massachusetts,South Shore Charter Public (District),South Shore Charter Public (District),Alicia,Savage,,
Massachusetts,Attleboro,Attleboro,David,Sawyer,,
Massachusetts,Shrewsbury,Shrewsbury,Joseph,Sawyer,,
Massachusetts,Somerset Berkley Regional School District,Somerset Berkley Regional School District,Jeffrey,Schoonover,,
Massachusetts,Cohasset,Cohasset,Sarah,Shannon,,
Massachusetts,Malden,Malden,Timothy,Sippel,,
Massachusetts,Lowell,Lowell,William,Skinner,,
Massachusetts,Boston,Boston,Mary,Skipper,,
Massachusetts,East Longmeadow,East Longmeadow,Gordon,Smith,,
Massachusetts,Up-Island Regional,Up-Island Regional,Richard,Smith,,
Massachusetts,Dennis-Yarmouth,Dennis-Yarmouth,Marc,Smith,,
Massachusetts,Baystate Academy Charter Public School (District),Baystate Academy Charter Public School (District),Timothy,Sneed,,
Massachusetts,Holyoke,Holyoke,Anthony,Soto,,
Massachusetts,Natick,Natick,Melissa,Spash,,
Massachusetts,Springfield Preparatory Charter School (District),Springfield Preparatory Charter School (District),Bill,Spirer,,
Massachusetts,Mohawk Trail,Mohawk Trail,Sheryl,Stanton,,
Massachusetts,Freetown-Lakeville,Freetown-Lakeville,Barbara,Starkie,,
Massachusetts,Excel Academy Charter (District),Excel Academy Charter (District),Owen,Stearns,,
Massachusetts,Martha's Vineyard Charter Public School (District),Martha's Vineyard Charter Public School (District),Peter,Steedman,,
Massachusetts,Lincoln-Sudbury,Lincoln-Sudbury,Andrew,Stephens,,
Massachusetts,Ashburnham-Westminster,Ashburnham-Westminster,Todd,Stewart,,
Massachusetts,Dracut,Dracut,Steven,Stone,,
Massachusetts,Randolph,Randolph,Thea,Stovell,,
Massachusetts,Marshfield,Marshfield,Patrick,Sullivan,,
Massachusetts,Whitman-Hanson,Whitman-Hanson,Jeffrey,Szymaniak,,
Massachusetts,Brockton,Brockton,Priya,Tahiliani,,
Massachusetts,Alma del Mar Charter School (District),Alma del Mar Charter School (District),Alexa,Teevens,,
Massachusetts,Provincetown,Provincetown,Paul,Teixeira,,
Massachusetts,Lawrence Family Development Charter (District),Lawrence Family Development Charter (District),Darshan,Thakkar,,
Massachusetts,Gill-Montague,Gill-Montague,Tari,Thomas,,
Massachusetts,Fitchburg,Fitchburg,Jonathan,Thompson,,
Massachusetts,Ludlow,Ludlow,Frank,Tiano,,
Massachusetts,Hampden Charter School of Science (District),Hampden Charter School of Science (District),Tarkan,Topcuoglu,,
Massachusetts,Hamilton-Wenham,Hamilton-Wenham,Eric,Tracy,,
Massachusetts,Framingham,Framingham,Robert,Tremblay,,
Massachusetts,Match Charter Public School (District),Match Charter Public School (District),Nnenna,Ude,,
Massachusetts,Peabody,Peabody,Joshua,Vadala,,
Massachusetts,Roxbury Preparatory Charter (District),Roxbury Preparatory Charter (District),John,Verrilli,,
Massachusetts,Douglas,Douglas,Paul,Vieira,,
Massachusetts,South Hadley,South Hadley,Jennifer,Voyik,,
Massachusetts,Edward M. Kennedy Academy for Health Careers: A Horace Mann Charter Public School (District),Edward M. Kennedy Academy for Health Careers: A Horace Mann Charter Public School (District),Caren,Walker,,
Massachusetts,New Heights Charter School of Brockton (District),New Heights Charter School of Brockton (District),Omari,Walker,,
Massachusetts,Pioneer Valley Chinese Immersion Charter (District),Pioneer Valley Chinese Immersion Charter (District),Kathleen,Wang,,
Massachusetts,Chicopee,Chicopee,Marcus,Ware,,
Massachusetts,Greater New Bedford Regional Vocational Technical,Greater New Bedford Regional Vocational Technical,Michael,Watson,,
Massachusetts,Erving,Erving,Shannon,White-Cleveland,,
Massachusetts,Hill View Montessori Charter Public (District),Hill View Montessori Charter Public (District),Ginger,Whitson,,
Massachusetts,Southwick-Tolland-Granville Regional School District,Southwick-Tolland-Granville Regional School District,Jennifer,Willard,,
Massachusetts,Brookline,Brookline,Bella,Wong,,
Massachusetts,Ware,Ware,Michael,Wood,,
Massachusetts,Weston,Weston,Karen,Zaleski,,
Massachusetts,Ralph C Mahar,Ralph C Mahar,Elizabeth,Zielinski,,
Massachusetts,Benjamin Franklin Classical Charter Public (District),Benjamin Franklin Classical Charter Public (District),Heather,Zolnowski,,
Massachusetts,Salem,Salem,Stephen,Zrike,,
New Hampshire,Lebanon,Lebanon,Amy,Allen,,
New Hampshire,Newmarket,Newmarket,Todd,Allen,,
New Hampshire,Windham Academy Public Charter School,Windham Academy Public Charter School,Sara,Amacio,,
New Hampshire,White Mountains Regional,White Mountains Regional,Marion,Anastasia,,
New Hampshire,Nashua,Nashua,Mario,Andrade,,
New Hampshire,Moultonborough,Moultonborough,Patrick,Andrew,,
New Hampshire,Exeter,Exeter,Christopher,Andriski,,
New Hampshire,Governor Wentworth Regional,Governor Wentworth Regional,Caroline,Arakelian,,
New Hampshire,Northeast Woodland Chartered Public School,Northeast Woodland Chartered Public School,Sarah,Arnold,,
New Hampshire,Northumberland,Northumberland,Annie,Azarloza,,
New Hampshire,Gorham,Gorham,David,Backler,,
New Hampshire,The Birches Academy of Academics & Art A Public Charter Sch,The Birches Academy of Academics & Art A Public Charter Sch,Erin,Balfe,,
New Hampshire,Goffstown,Goffstown,Brian,Balke,,
New Hampshire,Lyme,Lyme,Mary Beth,Banios,,
New Hampshire,CSI Charter School,CSI Charter School,Christine,Barry,,
New Hampshire,Winnisquam Regional,Winnisquam Regional,Shannon,Bartlett,,
New Hampshire,Windham,Windham,Kori,Becht,,
New Hampshire,Gilford,Gilford,Kirk,Beitler,,
New Hampshire,Strong Foundations Charter School,Strong Foundations Charter School,Marc,Belanger,,
New Hampshire,Hollis-Brookline,Hollis-Brookline,Gina,Bergskaug,,
New Hampshire,Amherst,Amherst,Michael,Berry,,
New Hampshire,Pembroke,Pembroke,Jessica,Bickford,,
New Hampshire,Londonderry,Londonderry,Daniel,Black,,
New Hampshire,Croydon,Croydon,Susan,Blair,,
New Hampshire,Compass Classical Academy Charter School,Compass Classical Academy Charter School,Nancy,Blais,,
New Hampshire,Gate City Charter School For the Arts,Gate City Charter School For the Arts,Jennifer,Blanchette,,
New Hampshire,Heartwood Public Charter School,Heartwood Public Charter School,Bethany,Bond,,
New Hampshire,Dover,Dover,Christine,Boston,,
New Hampshire,MicroSociety Academy Charter School Foundation,MicroSociety Academy Charter School Foundation,Amy,Bottomley,,
New Hampshire,Prospect Mountain JMA,Prospect Mountain JMA,Timothy,Broadrick,,
New Hampshire,Northwood,Northwood,Nathaniel,Byrne,,
New Hampshire,Surry,Surry,Kim,Caron,,
New Hampshire,Academy for Science and Design Charter School,Academy for Science and Design Charter School,Jennifer,Cava,,
New Hampshire,Seacoast Classical Academy Chartered Public School,Seacoast Classical Academy Chartered Public School,Robert,Chase,,
New Hampshire,Great Bay Charter School,Great Bay Charter School,Stacey,Clark,,
New Hampshire,Henniker,Henniker,Jacqueline,Coe,,
New Hampshire,Hill,Hill,Brian,Connelly,,
New Hampshire,Arts Academy of New Hampshire Chartered Public High School,Arts Academy of New Hampshire Chartered Public High School,Fiona,Coomey,,
New Hampshire,Nottingham,Nottingham,Andrew,Corey,,
New Hampshire,Hampton,Hampton,Lois,Costa,,
New Hampshire,Hillsboro-Deering,Hillsboro-Deering,Jennifer,Crawford,,
New Hampshire,Sanborn Regional,Sanborn Regional,Robert,Dawson,,
New Hampshire,Mountain Village Charter School,Mountain Village Charter School,Merrill,Degraff,,
New Hampshire,Grantham,Grantham,Christine,Downing,,
New Hampshire,Jaffrey-Rindge,Jaffrey-Rindge,Reuben,Duncan,,
New Hampshire,Coos County,Coos County,Jennifer,Fish,,
New Hampshire,Derry Cooperative,Derry Cooperative,Michael,Flynn,,
New Hampshire,Contoocook Valley,Contoocook Valley,Ann,Forrest,,
New Hampshire,Kearsarge Regional,Kearsarge Regional,John,Fortney,,
New Hampshire,Bedford,Bedford,Michael,Fournier,,
New Hampshire,Haverhill Cooperative,Haverhill Cooperative,Mary,Fox,,
New Hampshire,Conway,Conway,Aimee,Frechette,,
New Hampshire,Rochester,Rochester,Jared,Fulgoni,,
New Hampshire,Epping,Epping,William,Furbush,,
New Hampshire,Gilmanton,Gilmanton,Robert,Gadomski,,
New Hampshire,Manchester,Manchester,Jennifer,Gillis,,
New Hampshire,Gathering Waters Charter School,Gathering Waters Charter School,Razia,Hamm,,
New Hampshire,Lionheart Classical Academy Chartered Public School,Lionheart Classical Academy Chartered Public School,Michael,Harner,,
New Hampshire,The Founders Academy Charter School,The Founders Academy Charter School,Cassie,Hayes,,
New Hampshire,Concord,Concord,Timothy,Herbert,,
New Hampshire,Colebrook,Colebrook,Dana,Hilliard,,
New Hampshire,Laconia,Laconia,Amy,Hinds,,
New Hampshire,Kreiva Academy Public Charter School,Kreiva Academy Public Charter School,Shelly,Hinds,,
New Hampshire,Newfound Area,Newfound Area,Paul,Hoiriis,,
New Hampshire,Pasquaney,Pasquaney,Russell,Holden,,
New Hampshire,Sunapee,Sunapee,Russell,Holden,,
New Hampshire,Monroe,Monroe,Leah,Holz,,
New Hampshire,Milton,Milton,Adam,Houghton,,
New Hampshire,Mascoma Valley,Mascoma Valley,Amanda,Isabelle,,
New Hampshire,Bow,Bow,Marcy,Kelley,,
New Hampshire,Claremont,Claremont,Kerry,Kennedy,,
New Hampshire,Berlin,Berlin,Julie,King,,
New Hampshire,Mason,Mason,Kristen,Kivela,,
New Hampshire,Virtual Learning Academy Charter School,Virtual Learning Academy Charter School,Stephen,Kossakoski,,
New Hampshire,Synergy Academy Chartered Public School,Synergy Academy Chartered Public School,Sarah,Koutroubas,,
New Hampshire,Ledyard Charter School,Ledyard Charter School,Wendy,Kozak,,
New Hampshire,Timberlane Regional,Timberlane Regional,Justin,Krieger,,
New Hampshire,Surry Village Charter School,Surry Village Charter School,Nicole,Lackie,,
New Hampshire,Chester,Chester,Christine,Landwehrle,,
New Hampshire,Rollinsford,Rollinsford,Lori,Lane,,
New Hampshire,North Country Charter Academy,North Country Charter Academy,Lisa,Lavoie,,
New Hampshire,Raymond,Raymond,Terrence,Leatherman,,
New Hampshire,Franklin,Franklin,Daniel,LeGallo,,
New Hampshire,Mill Falls Charter School,Mill Falls Charter School,Meryl,Levin,,
New Hampshire,Lempster,Lempster,James,Lewis,,
New Hampshire,Fall Mountain Regional,Fall Mountain Regional,Debra,Livingston,,
New Hampshire,Pittsfield,Pittsfield,Saundra,MacDonald,,
New Hampshire,Wakefield,Wakefield,Donna,Magoon,,
New Hampshire,Keene,Keene,ROBERT,MALAY,,
New Hampshire,Hale's Location c/o Carroll Cty,Hale's Location c/o Carroll Cty,Terry,McCarthy,,
New Hampshire,Pelham,Pelham,Eric,McGee,,
New Hampshire,Robert Frost Charter School,Robert Frost Charter School,Janine,McLauchlan,,
New Hampshire,Portsmouth,Portsmouth,Zachary,McLaughlin,,
New Hampshire,Milford,Milford,Christi,Michaud,,
New Hampshire,Inter-Lakes Cooperative,Inter-Lakes Cooperative,Mary,Moriarty,,
New Hampshire,Hudson,Hudson,Daniel,Moulis,,
New Hampshire,Polaris Charter School,Polaris Charter School,Jennifer,Murdock-Smith,,
New Hampshire,Benjamin Franklin Academy Chartered Public School,Benjamin Franklin Academy Chartered Public School,Bryan,Murphy,,
New Hampshire,Winnacunnet,Winnacunnet,Meredith,Nadeau,,
New Hampshire,Littleton,Littleton,Steven,Nilhas,,
New Hampshire,Litchfield,Litchfield,Brian,O'Connell,,
New Hampshire,Making Community Connections Charter School,Making Community Connections Charter School,Christopher,O'Reilly,,
New Hampshire,Merrimack,Merrimack,Everett,Olsen,,
New Hampshire,Seacoast Charter School,Seacoast Charter School,Nicole,Outsen,,
New Hampshire,Salem,Salem,Maura,Palmer,,
New Hampshire,Goshen,Goshen,Gail,Paludi,,
New Hampshire,River View Chartered Public School,River View Chartered Public School,Cathy,Pellerin,,
New Hampshire,Mascenic Regional,Mascenic Regional,Elizabeth,Pogorzelski,,
New Hampshire,Farmington,Farmington,Giselle,Pomeroy,,
New Hampshire,Pinkerton Academy,Pinkerton Academy,Timothy,Powers,,
New Hampshire,Barrington,Barrington,Deannah,Rae,,
New Hampshire,Newport,Newport,Forrest,Ransdell,,
New Hampshire,Monadnock Regional,Monadnock Regional,Jeremy,Rathbun,,
New Hampshire,Hooksett,Hooksett,William,Rearick,,
New Hampshire,Plainfield,Plainfield,Kyle,Riley,,
New Hampshire,Hinsdale,Hinsdale,David,Ryan,,
New Hampshire,Strafford,Strafford,Robert,Seaward,,
New Hampshire,Oyster River,Oyster River,Robert,Shaps,,
New Hampshire,Somersworth,Somersworth,John,Shea,,
New Hampshire,Coe-Brown Northwood Academy,Coe-Brown Northwood Academy,David,Smith,,
New Hampshire,Hopkinton,Hopkinton,Amanda,Smith Doyle,,
New Hampshire,Fremont,Fremont,Brian,Stack,,
New Hampshire,Lincoln-Woodstock,Lincoln-Woodstock,Mary,Steady,,
New Hampshire,SAU #70,SAU #70,Robin,Steiner,,
New Hampshire,Hampstead,Hampstead,Robert,Thompson,,
New Hampshire,Shaker Regional,Shaker Regional,Michael,Tursi,,
New Hampshire,Spark Academy of Advanced Technologies,Spark Academy of Advanced Technologies,John,Tuttle,,
New Hampshire,SAU #35 Office,SAU #35 Office,Curtis,Watson,,
New Hampshire,Wilton,Wilton,Peter,Weaver,,
New Hampshire,Plymouth,Plymouth,Kyla,Welch,,
New Hampshire,Tamworth,Tamworth,Michael,Whaland,,
New Hampshire,Next Charter School,Next Charter School,Emily,Whalen,,
New Hampshire,SAU #46 Office,SAU #46 Office,Randy,Wormald,,
New Hampshire,Greenland,Greenland,Stephen,Zadravec,,
Rhode Island,"Blackstone Valley Prep, A RI Mayoral Academy","Blackstone Valley Prep, A RI Mayoral Academy",Sarah,Anderson,,
Rhode Island,Barrington,Barrington,Chris,Ashley,,
Rhode Island,Village Green Virtual,Village Green Virtual,Rochelle,Baker,,
Rhode Island,Smithfield,Smithfield,Dawn,Bartz,,
Rhode Island,Pawtucket,Pawtucket,Randy,Buck,,
Rhode Island,SouthSide Charter School,SouthSide Charter School,Mary,Caporelli,,
Rhode Island,Kingston Hill Academy,Kingston Hill Academy,Marcella,Clark,,
Rhode Island,Coventry,Coventry,Don,Cowart,,
Rhode Island,Foster,Foster,Kathy,Crowley,,
Rhode Island,Narragansett,Narragansett,Peter,Cummings,,
Rhode Island,RISE Prep Mayoral Academy,RISE Prep Mayoral Academy,Rosalind,DaCruz,,
Rhode Island,Little Compton,Little Compton,Laurie,Dias-Mitchell,,
Rhode Island,MET Career and Tech,MET Career and Tech,Nancy,Diaz,,
Rhode Island,Glocester,Glocester,Patricia,Dubois,,
Rhode Island,North Kingstown,North Kingstown,Ken,Duva,,
Rhode Island,Exeter-West Greenwich,Exeter-West Greenwich,James,Erinakes,,
Rhode Island,East Providence,East Providence,Sandra,Forand,,
Rhode Island,Westerly,Westerly,Mark,Garceau,,
Rhode Island,North Providence,North Providence,Joseph,Goho,,
Rhode Island,Tiverton,Tiverton,Christopher,Haskins,,
Rhode Island,Newport,Newport,Colleen,Jermain,,
Rhode Island,East Greenwich,East Greenwich,Thomas,Kenworthy,,
Rhode Island,The Hope Academy,The Hope Academy,Margaret,Knowlton,,
Rhode Island,The Compass School,The Compass School,Brandee,Lapisky,,
Rhode Island,Segue Institute for Learning,Segue Institute for Learning,Melissa,Lourenco,,
Rhode Island,Charette Charter,Charette Charter,Nicole,Lyons,,
Rhode Island,New Shoreham,New Shoreham,John,Martin,,
Rhode Island,Warwick,Warwick,William,McCaffrey,,
Rhode Island,Rhode Island Nurses Institute Middle College,Rhode Island Nurses Institute Middle College,Pamela,McCue,,
Rhode Island,Achievement First Rhode Island,Achievement First Rhode Island,Tom,McDermott,,
Rhode Island,R.I. Sch for the Deaf,R.I. Sch for the Deaf,Sarah,McGaughey,,
Rhode Island,Woonsocket,Woonsocket,Patrick,McGee,,
Rhode Island,Lincoln,Lincoln,Kevin,McNamara,,
Rhode Island,Providence,Providence,Javier,Montanez,,
Rhode Island,Middletown,Middletown,William,Niemeyer,,
Rhode Island,International Charter,International Charter,Julie,Nora,,
Rhode Island,Cranston,Cranston,Jeannine,Nota Masse,,
Rhode Island,Learning Community,Learning Community,Meg,O'Leary,,
Rhode Island,Foster-Glocester,Foster-Glocester,Renee,Palazzo,,
Rhode Island,Paul Cuffee Charter School,Paul Cuffee Charter School,Frank,Pallotta,,
Rhode Island,Chariho,Chariho,Gina,Picard,,
Rhode Island,South Kingstown,South Kingstown,Michael,Podraza,,
Rhode Island,Urban Collaborative,Urban Collaborative,Lynn,Prentiss,,
Rhode Island,Scituate,Scituate,Thomas,Raab,,
Rhode Island,Jamestown,Jamestown,David,Raleigh,,
Rhode Island,Trinity Academy for the Performing Arts,Trinity Academy for the Performing Arts,Elizabeth,Richards-Hegnauer,,
Rhode Island,Bristol Warren,Bristol Warren,Ana,Riley,,
Rhode Island,Tiverton,Tiverton,Peter,Haskins,,
Rhode Island,Blackstone Academy,Blackstone Academy,Carolyn,Sheehan,,
Rhode Island,Providence Preparatory Charter,Providence Preparatory Charter,Toby,Shepherd,,
Rhode Island,Highlander Charter School,Highlander Charter School,Simona,Simpson-Thomas,,
Rhode Island,Beacon Charter School,Beacon Charter School,Michael,Skeldon,,
Rhode Island,Burrillville,Burrillville,Michael,Sollitto,,
Rhode Island,North Smithfield,North Smithfield,Michael,St. Jean,,
Rhode Island,Excel Academy Rhode Island,Excel Academy Rhode Island,Owen,Stearns,,
Rhode Island,West Bay Collaborative,West Bay Collaborative,Maryann,Struble,,
Rhode Island,Johnston,Johnston,Scott,Sutherland,,
Rhode Island,West Warwick,West Warwick,Karen,Tarasevich,,
Rhode Island,Cumberland,Cumberland,Phil,Thornton,,
Rhode Island,Central Falls,Central Falls,Stephanie,Toledo,,
Rhode Island,YouthBuild Preparatory Academy,YouthBuild Preparatory Academy,Donavan,Tracey,,
Rhode Island,The Greene School,The Greene School,Kerry,Tuttlebee,,
Rhode Island,Nuestro Mundo Public Charter,Nuestro Mundo Public Charter,Danira,Vasquez,,
Rhode Island,Portsmouth,Portsmouth,Elizabeth,Viveiros,,
Rhode Island,Sheila Skip Nowell Leadership Academy,Sheila Skip Nowell Leadership Academy,Jessica,Waters,,
Rhode Island,Davies Career and Tech,Davies Career and Tech,Mary,Watkins,,
Vermont,Orleans Southwest Supervisory Union,Orleans Southwest Supervisory Union,Wendy,Baker,,
Vermont,Addison Central School District,Addison Central School District,David,Baker,,
Vermont,Windham Southwest Supervisory Union,Windham Southwest Supervisory Union,Bill,Bazyk,,
Vermont,Montpelier Roxbury School District,Montpelier Roxbury School District,Libby,Bonesteel,,
Vermont,Windsor Southeast Supervisory Union,Windsor Southeast Supervisory Union,Christine,Bourne,,
Vermont,Champlain Valley School District,Champlain Valley School District,Adam,Bunting,,
Vermont,Springfield School District,Springfield School District,Peter,Burrows,,
Vermont,Barre Unified Union School District,Barre Unified Union School District,JoAn,Canning,,
Vermont,Winooski School District,Winooski School District,Wilmer,Chavarria,,
Vermont,South Burlington School District,South Burlington School District,Joe,Clark,,
Vermont,Orange Southwest Unified SD,Orange Southwest Unified SD,Michael,Clark,,
Vermont,Lincoln School District,Lincoln School District,Amy,Cole,,
Vermont,North Country Supervisory Union,North Country Supervisory Union,Elaine,Collins,,
Vermont,St. Johnsbury School District,St. Johnsbury School District,Karen,Conroy,,
Vermont,Franklin Northeast Supervisory Union,Franklin Northeast Supervisory Union,Lynn,Cota,,
Vermont,Washington Central Unified Union SD,Washington Central Unified Union SD,Steven,Dellinger-Pate,,
Vermont,Central Vermont Career Center School District,Central Vermont Career Center School District,Jody,Emerson,,
Vermont,Central Vermont Supervisory Union,Central Vermont Supervisory Union,Matthew,Fedders,,
Vermont,Burlington School District,Burlington School District,Thomas,Flanagan,,
Vermont,Caledonia Central Supervisory Union,Caledonia Central Supervisory Union,Matt,Foster,,
Vermont,Lamoille North Unified School District,Lamoille North Unified School District,Catherine,Gallagher,,
Vermont,Rivendell Interstate School District,Rivendell Interstate School District,Randall,Gawel,,
Vermont,Mill River Unified Union School District,Mill River Unified Union School District,Cheryl,Gonzalez,,
Vermont,Windham Northeast Supervisory Union,Windham Northeast Supervisory Union,Andrew,Haas,,
Vermont,Lamoille South Supervisory Union,Lamoille South Supervisory Union,Ryan,Heraty,,
Vermont,Essex Westford Unified Union SD,Essex Westford Unified Union SD,Mark,Holodick,,
Vermont,Southwest Tech,Southwest Tech,Meg,Honsinger,,
Vermont,Maple Run Unified School District,Maple Run Unified School District,Bill,Kimball,,
Vermont,White River Valley Supervisory Union,White River Valley Supervisory Union,Jamie,Kinnarney,,
Vermont,Essex North Supervisory Union,Essex North Supervisory Union,Jennifer,Lawcewicz,,
Vermont,Orange East Supervisory Union,Orange East Supervisory Union,Heather,Lawler,,
Vermont,Harwood Unified Union School District,Harwood Unified Union School District,Michael,Leichliter,,
Vermont,Bennington-Rutland Supervisory Union,Bennington-Rutland Supervisory Union,Randi,Lowe,,
Vermont,Patricia A. Hannaford Career Center SD,Patricia A. Hannaford Career Center SD,Nicole,MacTavish,,
Vermont,Kingdom East School District,Kingdom East School District,Sean,McMannon,,
Vermont,Two Rivers Supervisory Union,Two Rivers Supervisory Union,Layne,Millington,,
Vermont,Colchester School District,Colchester School District,Amy,Minor,,
Vermont,Mount Mansfield Unified Union SD,Mount Mansfield Unified Union SD,John,Muldoon,,
Vermont,Slate Valley Unified School District,Slate Valley Unified School District,Brooke,Olsen-Farrell,,
Vermont,Southwest Vermont Supervisory Union,Southwest Vermont Supervisory Union,Timothy,Payne,,
Vermont,Orleans Central Supervisory Union,Orleans Central Supervisory Union,Jackie,Ramsay-Tolman,,
Vermont,Rutland City School District,Rutland City School District,Pamela,Reed,,
Vermont,Mount Abraham Unified School District,Mount Abraham Unified School District,Patrick,Reen,,
Vermont,Missisquoi Valley School District,Missisquoi Valley School District,Julie,Regimbal,,
Vermont,Milton Town School District,Milton Town School District,Amy,Rex,,
Vermont,Grand Isle Supervisory Union,Grand Isle Supervisory Union,Lisa,Ruud,,
Vermont,Rutland Northeast Supervisory Union,Rutland Northeast Supervisory Union,Rene,Sanchez,,
Vermont,Greater Rutland County Supervisory Union,Greater Rutland County Supervisory Union,Christopher,Sell,,
Vermont,Addison Northwest School District,Addison Northwest School District,Sheila,Soule,,
Vermont,Mountain Views Supervisory Union,Mountain Views Supervisory Union,Sherry,Sousa,,
Vermont,Windham Southeast Supervisory Union,Windham Southeast Supervisory Union,Mark,Speno,,
Vermont,SAU #70,SAU #70,Robin,Steiner,,
Vermont,Hartford School District,Hartford School District,Catherine,Sutton,,
Vermont,Franklin West Supervisory Union,Franklin West Supervisory Union,John,Tague,,
Vermont,Windham Central Supervisory Union,Windham Central Supervisory Union,Bob,Thibault,,
Vermont,River Valley Technical Center SD,River Valley Technical Center SD,Derek,Williams,,